26,0,4
71,40,2
27,0,3
18,2,2
42,0,3
35,10,5
40,0,4
21,0,2
41,0,3
26,6,2
0,0,3
49,0,2
62,0,3
28,1,3
0,0,1
35,0,2
29,0,4
0,82,1
66,0,3
25,0,4
39,0,3
29,2,3
59,0,3
31,1,2
0,0,2
23,10,4
22,2,2
0,0,1
60,0,2
38,1,4
34,3,3
0,0,1
62,20,3
42,1,3
50,0,3
37,0,2
21,5,2
37,0,3
45,0,4
35,2,2
65,0,2
22,35,3
23,0,1
19,3,3
37,2,3
30,0,4
0,1,2
39,0,2
63,0,3
58,20,5
68,0,4
30,20,3
63,0,3
42,2,2
19,0,2
30,0,4
53,0,4
0,0,1
40,8,2
30,3,3
39,24,3
52,0,3
0,2,1
53,1,4
25,0,3
56,0,3
65,0,2
71,0,3
50,0,2
0,1,2
52,16,2
27,0,4
19,0,2
61,0,4
0,0,3
48,14,4
46,0,5
0,0,1
55,1,5
63,0,3
36,3,2
33,0,3
26,0,3
0,5,1
29,0,4
21,0,3
0,0,2
46,0,3
19,0,3
34,0,4
28,2,3
34,0,3
51,0,1
0,1,4
34,1,4
30,5,4
21,4,3
31,0,3
19,0,2
64,0,3
23,0,3
65,2,3
24,0,4
0,3,2
64,0,2
23,0,3
21,0,2
30,0,4
31,0,3
22,0,3
0,40,2
0,0,2
0,2,3
48,0,4
43,0,3
30,0,4
30,0,3
20,2,2
24,0,4
0,0,1
42,0,3
62,10,4
25,3,3
28,0,4
57,0,4
19,0,2
45,0,3
31,0,2
33,0,4
37,0,5
33,0,4
61,0,3
0,0,2
36,0,2
29,0,3
20,0,3
20,0,2
31,2,2
61,0,3
25,7,3
25,0,3
50,0,3
32,20,4
19,1,5
41,5,4
25,1,3
71,0,3
28,0,3
25,1,3
0,30,1
41,0,5
0,0,2
33,0,4
41,0,2
24,5,3
24,30,3
29,0,3
63,4,5
0,1,1
39,0,3
21,0,3
56,0,4
34,20,4
49,0,3
21,1,3
35,0,3
21,0,3
69,2,5
41,0,3
22,0,2
40,0,2
58,0,3
20,0,3
64,1,3
26,1,3
50,10,3
29,0,5
28,0,3
23,0,3
43,3,3
0,1,1
28,0,3
21,0,3
23,0,2
44,2,1
35,0,3
84,0,3
0,0,2
33,0,5
23,0,4
26,0,2
38,7,2
25,0,4
39,10,3
22,3,2
41,0,3
33,0,2
30,40,4
43,4,2
19,0,2
21,0,3
22,0,3
31,2,3
25,0,3
46,0,5
74,2,4
28,0,3
58,2,5
49,2,4
23,0,3
0,0,1
20,6,4
35,0,4
28,0,3
57,0,5
22,0,3
35,14,3
47,0,3
28,35,2
51,0,2
43,0,3
37,0,3
0,22,2
100,0,1
19,10,3
67,0,3
43,2,3
0,8,1
0,0,1
57,20,1
38,0,4
0,0,1
23,0,5
55,15,3
0,3,1
61,3,4
0,1,1
23,0,4
25,3,4
24,0,3
22,0,2
0,0,2
33,1,2
43,2,4
24,0,3
54,0,5
28,0,2
28,1,4
50,0,3
26,0,3
74,30,5
0,0,2
60,0,2
0,4,2
44,0,3
36,1,3
80,0,5
61,0,4
53,0,3
24,12,3
25,0,4
0,0,1
19,2,2
32,0,5
48,1,5
62,0,5
24,10,5
61,0,3
33,2,3
60,1,4
48,0,3
28,5,3
0,28,2
26,0,3
0,3,1
27,0,4
28,3,4
51,0,4
28,1,4
38,0,5
52,0,3
23,0,3
0,0,2
23,15,3
66,2,5
67,2,3
0,0,1
35,6,2
55,4,4
19,0,2
47,0,4
0,21,2
73,0,3
37,0,3
59,0,5
33,5,3
64,0,4
36,5,4
0,1,2
51,20,3
30,0,4
31,1,4
39,3,3
27,0,3
30,0,4
52,3,3
23,3,3
0,4,2
43,1,5
29,1,2
24,10,4
25,40,3
27,0,4
35,0,2
0,4,1
32,3,2
0,0,1
36,2,3
30,14,3
27,15,3
0,0,1
72,1,3
54,0,4
27,5,3
66,0,3
0,2,1
68,0,5
31,0,3
0,4,1
0,0,5
20,12,3
67,0,2
30,2,4
24,0,2
44,0,2
0,1,1
56,10,3
52,0,2
62,0,4
25,0,4
38,0,3
46,0,3
19,3,2
0,0,1
27,0,3
0,0,1
42,0,3
33,5,5
79,0,4
0,5,2
60,14,3
0,0,1
25,20,4
24,0,4
26,2,3
48,0,3
22,1,3
22,3,4
66,0,4
27,42,4
49,0,3
23,0,2
0,0,3
29,0,4
28,0,3
0,1,2
29,50,3
33,0,3
56,0,3
0,8,2
25,3,3
26,0,4
26,0,4
39,6,2
0,2,1
0,0,2
19,15,3
21,0,4
28,0,3
56,0,2
26,13,4
21,12,3
57,0,3
22,5,3
31,3,5
24,5,3
72,0,4
19,5,2
23,2,3
39,0,3
27,3,3
27,1,4
22,1,2
0,0,2
0,7,1
0,2,2
0,1,2
26,1,2
0,0,1
37,0,4
59,8,3
33,8,3
21,0,2
54,0,3
0,15,1
35,0,1
0,1,2
21,3,3
32,0,3
38,0,5
24,0,2
35,4,4
69,0,2
28,0,3
58,0,2
0,25,2
67,5,4
33,0,2
66,1,4
0,1,1
67,4,4
24,8,4
0,2,2
0,3,2
0,0,1
27,1,3
40,0,4
45,0,1
36,0,2
36,0,4
28,0,5
30,0,5
22,1,2
0,0,1
22,1,2
31,0,4
0,0,1
27,0,2
26,20,2
0,0,2
31,0,3
27,2,5
0,5,2
71,1,3
24,0,2
0,3,1
70,0,3
52,0,2
0,2,1
20,0,3
51,4,4
0,0,1
39,7,2
23,5,3
25,10,2
19,12,3
0,2,1
25,0,2
34,1,4
25,1,3
26,1,3
65,1,3
30,0,3
30,0,2
42,5,4
46,0,3
58,3,3
39,4,4
28,0,3
31,0,3
50,0,3
52,0,2
32,21,1
0,2,1
46,10,3
100,0,5
45,0,1
0,0,2
42,0,3
0,1,2
0,0,2
19,2,2
61,0,4
31,0,2
20,3,3
30,5,3
32,0,3
38,3,2
20,7,2
45,1,2
33,4,5
50,0,4
0,1,1
42,1,4
50,7,5
35,0,3
50,3,5
0,1,2
20,0,2
65,0,3
34,0,3
24,9,5
34,2,3
0,0,3
39,1,3
34,0,4
28,0,3
41,0,3
0,3,1
53,0,3
44,1,4
0,2,1
0,0,1
27,0,3
0,3,2
60,2,5
23,0,2
0,0,2
38,3,5
61,0,4
28,0,4
38,15,3
0,0,1
39,0,2
32,0,3
40,5,3
48,0,3
0,0,1
34,28,4
71,0,3
64,20,4
25,0,3
0,0,1
23,36,3
28,0,3
20,0,3
55,0,4
36,10,4
0,2,2
23,16,3
22,0,3
53,0,3
50,20,3
29,1,2
34,0,3
0,15,1
53,0,4
43,0,4
61,1,4
25,0,3
0,3,1
26,20,3
52,10,3
42,0,2
23,2,4
0,3,1
30,1,2
40,1,3
50,0,4
25,5,2
33,6,4
0,0,2
44,3,4
23,0,2
40,0,3
46,1,3
58,0,3
69,2,3
0,8,2
19,0,2
0,0,1
60,0,3
21,2,2
24,3,3
35,0,3
38,0,4
0,8,2
23,1,4
31,0,2
32,2,4
49,1,4
0,0,2
45,0,2
28,3,3
59,0,4
28,20,5
27,30,4
40,4,5
66,0,4
35,8,3
22,0,3
21,10,3
75,0,4
20,5,3
27,0,4
34,0,2
28,0,3
20,3,2
58,0,3
19,1,2
56,1,3
42,1,3
40,0,2
37,0,2
20,0,2
25,0,4
60,0,4
0,2,1
42,1,4
31,0,3
21,2,3
20,0,2
22,3,2
40,10,3
23,1,3
63,0,2
24,0,3
33,0,4
0,4,1
24,2,3
20,0,1
60,0,4
21,4,3
39,1,3
65,9,4
0,0,2
0,0,2
20,0,2
0,0,1
0,2,2
53,0,3
62,1,5
27,0,4
0,5,1
21,2,3
65,0,2
26,8,2
20,0,2
24,0,2
46,4,2
0,1,1
0,0,1
27,0,4
59,0,3
41,0,4
35,0,3
23,3,3
69,1,3
63,0,2
22,0,3
56,0,4
25,0,1
28,0,4
0,0,1
0,1,1
25,0,4
32,0,3
31,1,4
35,16,5
40,0,4
28,0,3
73,0,2
22,0,3
36,50,2
44,2,1
34,0,4
0,2,1
34,0,3
58,3,4
48,0,3
25,20,3
57,0,3
30,5,3
41,0,4
62,0,4
22,0,3
75,0,3
0,3,2
65,7,3
69,0,2
45,1,1
38,2,4
29,0,4
0,0,5
22,24,3
24,0,4
35,2,3
25,0,3
0,2,1
61,7,4
60,0,4
35,20,4
0,2,2
30,0,4
67,1,2
25,0,3
45,0,4
21,1,3
72,0,2
30,20,4
54,0,3
68,0,4
71,0,4
22,0,5
29,5,2
31,1,4
45,20,3
24,0,2
42,1,2
37,0,3
29,0,4
38,0,4
0,0,1
21,0,3
45,1,3
24,1,3
31,1,4
21,0,2
68,3,5
0,2,3
28,10,4
55,0,3
0,10,2
61,2,4
40,4,3
0,0,3
22,0,2
19,1,3
32,0,4
0,3,2
35,1,4
63,0,2
0,2,1
0,1,1
40,21,4
35,0,3
50,0,4
27,0,4
48,0,3
27,1,2
0,1,2
32,7,5
28,0,3
44,0,3
33,0,3
40,0,4
47,7,4
61,0,2
33,0,3
29,0,3
45,0,5
0,0,1
20,1,2
42,0,2
25,1,4
19,12,3
25,2,4
64,4,4
44,8,4
19,4,2
20,10,2
58,5,5
25,18,3
56,0,1
28,5,4
50,30,4
72,2,3
33,12,5
0,6,1
24,1,4
40,1,5
22,1,3
20,0,3
26,2,1
40,1,2
31,0,5
22,1,3
62,0,3
25,8,4
34,0,4
75,0,4
20,0,3
38,2,4
28,15,3
22,5,3
32,0,3
41,2,4
35,0,3
67,0,3
0,0,1
39,1,2
19,0,2
60,0,3
30,0,4
29,28,4
42,6,2
20,3,5
70,2,3
84,0,4
0,0,2
25,2,3
0,0,2
26,0,3
44,2,4
61,1,5
36,3,4
33,0,2
20,0,3
19,0,3
32,10,3
44,21,4
59,1,5
22,10,4
27,0,4
30,0,4
34,0,2
65,7,3
34,3,4
0,1,2
36,1,5
19,5,2
61,0,3
24,3,3
46,1,5
60,0,4
42,0,3
36,0,2
21,0,3
60,0,3
26,29,4
27,0,1
0,0,1
21,30,2
27,0,3
0,3,2
28,0,5
40,0,2
40,2,4
19,0,2
53,1,2
39,0,2
29,10,5
0,3,1
24,4,3
50,0,3
28,8,3
20,0,2
23,5,2
62,0,3
31,0,4
65,0,4
37,0,3
32,0,3
56,30,3
40,0,2
0,0,2
0,8,2
45,15,5
62,2,4
19,0,2
50,10,5
0,2,2
61,0,5
0,0,2
51,1,4
22,2,3
40,2,5
55,8,3
40,0,2
19,0,2
25,2,4
26,0,3
45,0,4
56,5,3
42,0,1
48,0,3
41,0,4
44,0,3
22,0,2
62,0,5
75,0,4
33,2,5
38,4,3
0,0,2
27,0,5
22,0,3
0,4,2
0,0,3
54,0,3
53,3,4
23,0,3
78,8,5
42,10,2
39,1,5
30,0,3
27,1,5
49,4,2
69,0,4
25,0,4
59,0,2
31,0,4
29,25,3
21,0,2
68,1,4
61,15,3
32,0,1
43,1,3
75,0,3
25,0,4
29,0,2
51,0,4
62,1,5
59,1,2
57,0,4
53,2,4
30,2,4
36,2,4
38,5,4
44,0,5
31,2,4
42,10,4
65,0,1
34,0,4
48,7,2
38,3,5
40,1,3
29,10,2
55,0,2
65,1,4
25,3,3
0,2,1
26,4,4
55,0,2
58,10,2
31,2,4
33,1,3
77,1,4
57,1,5
24,0,2
37,20,5
0,2,1
20,1,2
50,0,2
51,0,5
53,0,2
29,7,2
40,2,3
0,0,2
64,0,4
20,50,1
26,12,5
42,0,3
25,12,3
43,4,5
43,0,3
61,3,1
40,1,5
26,6,4
36,1,5
56,1,5
28,0,1
66,0,4
39,1,2
44,1,1
0,0,1
38,0,2
30,0,4
23,1,2
26,5,3
60,0,2
0,1,1
42,35,4
23,1,3
56,1,4
20,0,3
27,0,2
0,0,2
63,0,3
30,0,3
25,45,3
57,5,3
21,0,2
20,0,2
50,0,4
46,2,2
50,0,3
24,0,2
0,1,1
21,0,3
42,0,4
20,6,3
29,10,3
30,3,2
27,0,2
39,0,4
27,0,3
20,0,2
60,1,2
36,5,4
26,0,3
30,0,3
26,10,3
52,0,4
57,0,4
26,0,3
0,5,1
0,20,2
19,14,2
19,4,2
32,0,4
28,1,3
24,0,3
31,0,4
32,0,4
25,0,3
0,0,2
22,0,1
39,0,2
30,36,2
0,14,2
26,2,2
41,1,3
72,0,1
46,2,5
0,0,2
0,1,1
21,0,2
40,0,5
0,5,2
0,10,1
69,0,5
59,30,4
55,0,4
79,0,5
43,2,2
21,0,2
21,0,4
39,0,4
42,0,5
50,2,5
63,0,4
19,1,2
54,0,3
34,1,4
26,0,4
38,0,2
27,0,4
33,4,4
65,20,5
39,0,3
30,0,4
22,5,3
33,0,2
39,0,4
20,0,2
27,0,2
0,2,1
23,0,3
35,0,3
65,1,4
43,0,5
27,10,4
26,14,4
50,0,3
0,2,1
51,0,5
22,0,3
30,6,4
46,1,2
21,0,2
48,0,3
26,1,5
35,0,4
33,0,3
22,6,3
26,0,3
50,0,4
21,0,3
30,0,2
50,0,3
40,0,2
60,10,4
28,0,4
24,7,4
23,4,3
24,0,3
61,0,3
37,3,4
0,0,1
49,1,5
44,0,5
24,4,3
27,0,3
46,3,4
42,45,4
28,1,3
35,1,3
0,5,1
24,3,3
0,0,1
52,0,5
0,1,2
43,2,2
24,1,3
21,5,3
0,1,1
62,0,3
20,1,3
47,2,4
65,0,5
41,0,3
25,6,4
27,0,2
65,0,3
61,1,4
0,0,1
61,3,4
37,1,4
52,1,4
28,2,4
54,0,3
47,0,4
44,0,1
0,4,2
47,1,4
22,1,3
73,0,5
49,0,2
0,85,2
30,0,4
0,1,2
33,2,2
20,0,3
26,0,3
39,1,3
30,1,3
43,1,5
28,0,3
54,0,3
19,0,2
33,10,2
27,0,3
68,0,3
21,8,2
22,0,3
20,3,2
34,2,4
24,5,3
35,0,4
33,2,5
32,0,3
47,1,4
0,10,2
38,0,5
42,0,2
49,0,4
45,3,3
21,8,3
32,3,4
23,0,3
19,1,3
0,1,1
0,1,2
19,0,2
31,0,2
72,0,4
60,0,4
27,0,2
63,0,4
26,50,4
77,0,4
44,13,2
0,0,2
54,15,4
50,0,5
25,1,3
24,3,4
31,4,3
20,0,4
21,0,2
25,0,4
57,0,3
36,4,4
0,2,1
31,0,4
57,5,4
19,0,3
28,0,3
42,0,3
23,0,3
29,1,4
0,0,1
62,1,5
25,2,4
44,0,5
37,0,5
21,0,2
28,4,3
54,0,4
49,0,4
58,1,3
29,0,3
70,0,5
35,0,2
56,1,3
34,15,3
23,0,4
58,3,2
20,14,3
25,2,2
42,0,5
49,0,3
0,0,1
22,0,3
0,3,2
54,0,4
52,0,5
25,0,4
22,2,3
38,20,4
50,10,4
63,0,4
68,0,5
64,6,4
22,0,4
27,10,4
0,50,1
44,0,4
61,3,5
53,1,4
23,0,4
0,5,2
56,0,4
20,0,1
34,20,3
0,0,2
0,0,1
0,0,3
0,2,1
0,0,2
20,0,2
19,5,3
21,6,2
33,8,3
0,0,1
63,0,4
28,0,4
19,3,2
0,24,5
58,0,3
52,3,2
51,1,4
66,0,5
52,0,4
0,1,2
19,4,2
47,0,5
59,12,4
0,0,2
65,0,1
23,3,2
24,2,3
72,0,4
21,1,2
24,46,3
47,2,3
24,1,3
28,1,5
34,2,3
56,1,5
69,1,3
55,0,3
63,0,5
40,1,4
19,0,2
0,0,2
26,0,3
52,0,4
20,1,3
67,0,2
50,10,2
48,0,2
41,0,2
38,3,4
0,5,5
45,0,2
36,0,4
70,0,3
22,0,3
45,0,5
24,1,4
26,1,3
20,0,3
25,0,2
24,0,3
48,10,4
21,1,3
20,2,3
21,0,3
30,0,3
0,0,1
30,0,2
55,1,5
19,6,2
21,1,3
22,6,3
29,4,3
53,8,3
45,0,5
0,1,2
19,0,2
0,18,1
42,0,2
0,2,2
24,15,4
57,0,4
0,0,1
51,1,3
31,10,3
26,0,5
0,0,1
24,1,3
0,0,2
0,5,2
49,0,5
44,3,3
59,7,3
47,4,5
26,8,3
23,7,3
0,0,2
26,0,4
30,1,4
0,0,1
58,1,4
23,0,3
28,8,1
54,0,3
37,0,4
33,0,3
0,1,2
48,0,5
36,10,2
29,6,4
48,0,2
43,0,4
22,4,3
28,6,4
45,3,3
54,6,2
0,0,2
26,4,4
0,0,2
47,3,5
0,0,3
39,6,4
68,0,1
53,0,2
35,2,4
0,0,1
0,0,1
60,2,5
19,0,2
25,0,4
39,14,4
21,0,3
19,7,2
25,5,3
0,18,2
30,0,2
26,0,3
32,1,3
60,0,5
22,0,3
31,4,3
28,5,2
21,2,2
24,0,3
24,1,3
21,0,2
47,0,3
31,0,3
0,6,2
0,1,1
33,0,3
26,0,2
61,14,4
30,0,3
23,0,3
24,0,3
53,0,2
41,2,1
39,0,2
33,0,3
32,0,3
0,0,2
23,2,4
53,0,2
41,3,4
0,0,1
0,2,1
44,3,2
28,5,4
51,3,4
48,10,3
22,9,3
72,0,1
60,2,5
0,3,2
22,20,2
75,0,2
0,1,1
0,3,1
70,0,5
67,0,2
49,0,2
77,0,4
41,0,5
0,0,4
54,10,3
47,1,4
37,0,4
28,0,2
36,2,4
100,0,4
30,0,4
46,3,3
44,0,3
24,0,3
19,0,2
0,0,2
0,0,1
45,0,4
0,0,2
24,0,3
39,0,3
27,0,4
53,21,5
0,2,1
54,1,5
0,0,2
20,0,2
51,0,3
43,0,3
57,0,5
0,1,2
82,1,3
23,1,3
0,4,1
62,10,2
41,1,4
33,0,4
58,2,5
36,8,3
22,24,1
43,0,3
0,2,2
0,0,2
24,12,3
21,1,3
26,2,3
0,1,1
20,5,1
28,0,3
22,1,2
51,12,5
24,5,2
33,0,4
43,1,4
0,1,1
20,2,3
35,0,3
70,20,2
29,0,4
0,1,1
39,1,5
32,10,4
28,0,2
47,6,3
53,1,2
44,0,3
44,0,5
30,0,5
37,0,4
27,0,2
0,5,2
52,0,4
82,0,2
20,3,2
0,0,3
48,1,3
32,4,2
19,0,2
0,3,1
40,0,2
32,1,2
0,0,1
0,10,1
62,2,4
52,2,4
21,0,3
30,0,3
0,0,1
33,1,4
19,5,3
0,10,2
49,1,4
0,0,5
35,0,4
24,8,4
60,0,3
0,0,1
35,0,3
45,10,4
0,3,1
0,5,1
0,3,1
0,0,1
0,1,1
32,2,4
81,0,4
65,0,3
41,1,4
45,0,5
53,0,4
20,0,2
58,4,4
31,4,3
50,0,2
100,0,5
50,2,3
38,1,5
0,1,2
0,1,3
47,0,4
41,1,3
0,80,3
50,1,5
25,1,3
20,7,3
0,0,2
52,1,4
55,0,4
47,3,4
62,0,3
0,5,2
76,0,1
50,0,5
28,0,4
48,0,2
25,0,3
31,28,3
45,5,3
42,3,1
65,6,4
22,1,3
0,0,2
40,0,4
37,3,3
56,2,1
21,0,1
0,10,2
29,0,2
70,0,4
0,2,2
57,0,4
0,0,2
22,0,2
0,0,1
30,6,2
64,4,4
25,0,2
28,12,3
29,0,4
22,0,3
21,1,2
58,0,4
22,1,2
47,1,3
59,0,5
35,0,3
27,3,4
22,0,3
24,3,3
48,0,4
19,3,2
19,0,2
29,42,3
0,12,2
50,0,3
29,0,4
65,0,4
21,2,3
29,0,4
44,4,2
39,0,2
52,0,1
26,0,3
22,1,4
21,1,3
53,0,2
44,3,4
38,2,3
25,1,4
0,5,1
66,0,3
19,0,1
52,3,4
0,0,1
25,5,3
0,0,1
23,0,2
45,3,5
21,5,3
25,0,3
20,0,5
0,6,1
48,0,2
47,1,4
63,49,5
27,0,4
0,0,2
20,3,2
0,3,1
59,0,2
25,2,4
40,1,2
35,0,3
75,0,3
25,3,3
21,0,4
23,0,2
25,0,3
34,3,2
45,35,4
63,4,2
47,1,3
48,27,3
22,2,2
0,10,1
0,0,5
60,90,5
19,25,2
30,3,4
30,0,3
31,0,5
63,0,2
45,4,4
66,10,3
0,1,1
23,0,2
0,0,3
54,1,3
42,6,4
21,2,2
29,3,4
43,0,1
50,3,5
33,0,3
34,35,1
28,0,5
32,3,3
35,0,5
28,1,2
42,10,1
47,0,1
72,0,5
46,1,4
52,0,4
19,0,1
24,1,3
23,1,3
27,0,3
35,1,2
34,15,4
58,0,5
51,4,4
36,1,2
24,0,2
82,1,3
49,6,4
68,0,3
40,0,5
32,2,5
29,2,2
0,0,1
36,1,4
28,20,4
62,0,3
21,1,3
38,1,3
58,8,3
40,3,4
0,6,2
19,3,3
20,0,2
59,0,2
42,0,2
28,0,5
43,2,2
0,2,2
0,0,2
43,0,4
19,10,2
28,0,3
28,0,3
0,0,2
23,0,3
26,10,4
0,4,1
0,1,1
23,20,3
26,0,4
51,0,4
27,15,3
51,0,1
42,2,5
0,1,2
62,1,2
54,0,3
63,2,4
67,0,3
38,2,4
56,50,2
20,4,2
56,3,4
40,1,4
58,0,4
30,1,5
22,0,3
60,0,4
37,0,2
25,2,3
49,0,4
50,1,3
48,0,4
63,7,4
43,0,2
30,15,3
31,2,3
50,10,3
20,0,4
19,14,3
69,1,3
65,0,4
25,10,2
43,0,4
26,0,4
32,24,5
35,0,4
33,0,2
45,1,2
56,0,5
22,1,2
20,0,2
42,1,4
0,12,1
65,0,4
0,0,2
19,0,1
65,0,2
0,0,3
55,0,3
40,1,3
60,0,2
41,0,5
19,2,2
46,0,3
23,0,1
36,0,4
26,0,3
0,0,1
0,0,2
29,0,4
54,1,2
41,1,3
60,0,4
21,0,2
43,7,5
36,2,4
56,15,3
47,1,2
21,3,2
30,0,2
49,1,3
62,1,4
49,12,2
35,12,3
0,0,2
0,3,1
0,3,1
53,0,4
46,1,2
42,0,2
0,0,2
36,7,3
44,7,5
37,1,4
19,1,3
0,1,2
47,0,2
35,2,3
35,1,2
64,2,3
23,0,3
29,0,3
47,6,4
34,4,5
57,14,4
23,4,2
27,3,4
44,1,3
28,3,3
21,0,3
19,0,2
0,1,1
0,2,2
28,2,2
74,2,3
45,4,4
23,0,3
0,0,2
48,0,2
36,0,5
0,0,1
0,0,2
21,3,2
0,0,1
41,0,5
27,2,4
0,4,1
51,2,3
67,3,2
59,0,4
28,2,3
24,6,2
36,1,4
35,0,4
34,0,3
22,0,2
51,0,4
22,0,5
50,0,4
48,0,3
47,0,3
65,1,3
66,1,2
46,0,3
28,0,2
0,1,1
19,2,2
0,0,2
38,2,4
66,4,3
38,1,4
0,6,2
0,17,1
32,5,2
50,4,4
79,0,4
0,7,1
42,2,3
54,0,3
32,3,3
44,10,4
19,0,2
46,1,2
49,0,4
32,0,2
55,0,4
29,2,3
32,0,2
0,0,2
0,0,1
39,3,2
41,0,4
50,0,5
19,5,3
24,0,3
25,0,5
0,42,3
36,0,3
29,24,2
0,9,2
34,1,4
46,30,3
54,0,2
24,0,1
33,0,4
36,0,4
40,0,4
35,1,2
22,2,2
19,3,2
27,0,4
57,0,4
29,1,4
52,0,4
28,0,4
30,0,2
0,0,2
50,3,2
0,14,2
25,0,4
23,8,3
26,0,4
24,12,3
21,3,2
26,0,3
20,0,2
23,6,3
35,0,5
69,5,2
0,0,2
46,1,4
21,0,2
48,14,2
64,42,3
19,0,2
45,10,4
32,2,3
0,2,2
0,1,1
0,3,2
39,0,3
25,30,4
41,1,3
51,3,4
41,0,2
36,6,3
69,7,1
22,3,4
53,0,5
39,2,5
59,0,2
41,0,3
19,3,1
21,0,3
26,5,2
43,4,4
45,15,5
31,2,5
48,0,4
69,0,2
40,0,4
21,3,2
41,0,4
22,20,3
23,0,2
77,2,4
28,2,4
0,12,4
72,0,4
33,0,5
23,0,2
0,12,1
46,1,2
0,5,1
26,20,4
22,0,3
42,0,2
23,0,3
27,2,3
0,0,2
25,1,2
31,10,4
20,2,2
45,0,3
23,0,4
22,0,2
40,1,3
59,0,3
68,2,4
48,0,5
35,6,2
28,35,2
28,0,2
39,0,3
35,10,2
46,10,5
44,1,4
56,1,5
47,0,4
43,0,5
61,2,3
36,4,3
22,72,2
30,1,3
28,0,4
22,0,2
68,2,5
34,0,4
22,9,4
0,5,2
39,0,4
0,0,1
34,0,4
61,12,3
19,0,2
44,0,5
23,20,3
35,20,3
53,0,5
24,2,3
0,0,2
33,1,3
42,0,2
58,0,2
20,0,2
52,4,4
44,30,4
30,10,3
24,3,4
27,0,3
21,2,3
43,0,3
57,0,3
51,0,4
20,65,2
23,0,3
45,0,5
19,9,2
0,0,2
44,3,4
21,1,2
0,7,2
29,10,3
64,0,4
58,1,1
19,0,2
40,0,4
60,10,2
23,47,2
20,0,2
59,0,3
40,1,2
67,28,4
35,0,3
0,0,1
67,6,1
28,0,3
27,4,2
41,15,2
0,2,5
41,20,3
19,10,2
48,2,4
47,0,4
35,1,3
0,0,1
0,0,1
26,30,3
23,0,3
29,0,5
32,1,2
0,20,2
74,1,2
37,0,2
22,2,3
23,2,2
29,0,4
34,1,2
0,0,2
34,5,2
47,2,4
70,0,5
30,0,4
68,0,2
50,7,2
82,0,3
20,0,2
45,0,3
35,0,5
0,0,2
22,8,3
38,4,3
23,3,4
41,6,4
50,20,4
37,2,2
22,1,2
51,0,4
25,0,2
47,0,4
31,0,2
22,5,3
0,0,2
20,6,2
22,20,3
52,3,4
19,0,2
33,0,2
20,0,2
0,0,3
0,0,2
19,3,3
19,3,2
35,3,2
31,8,3
66,2,4
19,0,2
25,1,2
0,6,2
35,1,3
26,0,2
0,1,1
36,15,3
44,16,4
24,0,3
32,2,4
60,20,4
30,0,2
45,24,2
23,0,2
32,0,4
19,0,2
0,23,1
20,0,4
41,10,4
31,20,3
26,0,3
62,20,5
24,4,2
19,4,3
32,6,3
30,4,2
52,2,3
29,25,3
20,2,3
52,0,3
25,1,3
67,0,5
0,15,2
0,2,2
38,14,5
19,0,2
36,0,4
30,2,4
0,1,2
65,20,4
33,0,2
30,0,5
61,2,5
34,0,3
0,2,2
29,25,4
25,7,2
24,1,4
49,0,2
19,0,2
41,1,4
65,0,2
42,15,4
25,4,4
19,0,2
44,0,4
64,0,4
0,7,2
0,2,1
49,5,3
40,14,3
23,15,3
46,0,3
0,0,1
45,0,5
23,10,2
64,0,4
35,10,5
48,0,3
35,7,3
25,5,2
0,0,1
33,0,3
0,20,1
0,0,2
19,0,1
48,0,4
63,0,3
0,0,3
46,0,4
40,10,4
72,0,4
27,5,3
70,0,3
23,1,4
36,2,3
44,0,2
58,0,3
36,1,5
19,0,1
21,20,1
22,1,1
41,0,5
32,0,3
33,2,2
41,0,3
0,0,2
20,10,2
0,2,2
23,0,2
65,0,3
0,0,2
26,1,3
42,0,3
42,2,3
42,7,5
41,4,4
38,0,4
0,0,1
53,1,3
0,2,1
49,2,2
37,0,3
52,0,4
45,1,4
50,2,3
45,0,4
38,1,4
39,1,2
58,10,4
37,50,3
25,1,4
28,1,3
48,10,4
24,1,3
49,1,3
0,0,2
19,0,3
39,7,4
19,3,2
0,12,2
0,0,2
77,0,4
48,0,3
0,0,2
26,0,4
62,1,4
38,0,3
0,0,2
38,0,3
0,8,2
41,0,4
47,2,3
30,0,3
44,2,4
58,10,4
33,1,2
23,12,3
31,1,3
0,0,2
28,0,2
0,0,1
76,0,3
0,10,3
0,5,1
21,0,2
64,0,4
65,2,4
53,0,5
28,0,4
0,0,3
22,0,3
22,0,3
38,0,2
41,0,5
33,0,4
0,10,1
27,0,3
27,1,2
0,0,2
60,0,3
73,2,5
62,0,3
45,2,5
22,2,4
59,0,2
23,1,3
26,0,4
0,27,2
25,2,4
0,0,1
0,0,1
35,1,4
35,0,3
20,0,3
0,0,1
20,0,2
44,4,2
58,0,3
31,0,4
30,10,4
48,0,4
19,0,3
49,0,2
19,2,3
37,4,4
35,0,3
0,3,2
33,1,4
34,0,3
43,0,4
23,3,4
28,4,4
35,1,4
56,0,5
0,0,3
63,0,3
40,2,3
38,0,4
48,0,3
32,6,4
0,1,2
0,1,3
0,0,1
0,1,1
39,0,4
42,1,4
62,4,4
39,1,5
0,14,1
25,50,3
45,5,4
42,0,4
37,30,2
27,0,2
58,10,4
33,0,1
43,1,4
0,15,2
24,5,3
33,2,3
21,0,3
43,7,4
32,0,3
54,0,3
21,3,3
38,0,3
28,4,4
67,0,2
23,0,3
0,6,1
32,3,5
26,0,3
0,4,1
0,1,2
20,5,2
25,5,3
61,2,4
30,0,5
20,4,2
21,1,3
71,0,5
49,0,4
20,1,5
53,4,3
0,21,2
38,0,3
0,1,2
21,0,2
40,0,4
55,0,2
0,0,2
28,0,2
47,20,4
29,35,4
0,3,2
0,0,2
20,0,3
71,2,2
40,35,4
57,0,2
0,5,2
38,0,3
40,0,5
23,1,3
26,0,4
59,15,4
46,1,4
43,1,4
66,15,2
40,0,4
64,2,4
0,0,2
52,1,5
28,0,3
0,0,1
41,20,5
20,2,2
23,0,5
47,2,4
30,30,5
23,0,3
20,3,2
0,0,2
62,7,4
22,1,4
20,0,2
0,5,2
48,0,3
32,0,3
19,6,2
28,0,2
23,15,2
43,1,3
52,0,3
41,1,4
31,1,2
45,0,2
60,3,4
28,0,3
38,0,4
21,0,2
52,0,3
0,1,2
50,0,2
53,0,3
20,2,3
27,0,4
60,8,3
51,0,2
21,0,2
0,0,3
37,4,4
45,10,5
21,12,3
52,6,4
20,6,3
51,2,2
28,0,3
43,4,1
40,0,4
22,0,3
57,0,5
23,35,3
26,29,3
37,3,4
25,0,4
50,0,2
0,0,1
59,0,2
36,2,2
20,0,3
22,10,3
77,0,4
0,0,2
0,0,2
43,1,3
63,0,3
38,0,5
22,20,2
23,0,3
26,0,2
35,6,4
33,10,5
28,5,4
0,0,2
37,0,5
32,1,4
42,0,3
19,0,3
48,0,5
63,6,5
46,1,3
65,0,5
19,0,2
57,0,1
21,0,2
37,1,4
57,2,3
25,2,2
28,0,3
20,0,2
66,0,5
0,0,2
24,0,3
29,14,2
23,0,3
30,4,4
0,25,2
38,0,2
33,1,3
31,0,4
47,0,3
27,0,3
24,0,1
62,0,4
27,0,3
19,0,3
39,0,3
26,0,4
27,1,4
27,0,4
19,10,2
22,4,3
33,0,4
22,0,3
0,1,2
39,3,4
20,12,3
49,5,4
43,1,4
70,30,4
24,0,4
21,15,3
57,0,3
40,3,3
38,3,2
36,0,2
19,18,2
41,0,3
59,0,3
20,2,3
19,0,2
25,0,3
36,15,1
0,0,1
0,7,2
0,4,1
48,0,4
25,0,2
20,7,2
28,0,3
29,4,5
0,1,2
44,0,3
61,10,4
23,1,3
0,0,1
30,5,3
0,4,1
0,16,2
65,0,4
0,1,2
45,6,4
41,0,3
22,7,3
66,1,4
28,5,3
50,0,3
0,0,2
25,7,4
62,1,3
30,3,3
33,0,3
33,0,5
44,0,3
20,0,2
0,12,2
33,1,4
61,0,4
72,2,1
20,7,2
19,5,2
67,10,4
52,5,5
27,30,4
25,0,3
19,10,2
64,1,3
38,3,3
33,0,4
33,10,4
0,7,1
19,2,2
24,5,1
38,2,3
0,0,2
59,0,4
0,1,3
24,2,4
28,0,4
50,0,4
70,0,4
68,2,5
61,0,3
0,1,1
24,8,3
38,2,3
25,5,5
33,0,2
20,4,3
23,0,3
52,2,3
68,3,3
27,3,3
23,0,3
51,14,4
27,0,3
20,1,3
56,0,4
31,0,2
30,2,3
53,0,5
50,0,5
45,5,3
40,0,2
23,23,4
30,16,3
48,0,3
39,10,2
0,0,1
59,0,3
0,1,2
20,0,3
0,5,1
51,3,4
43,0,2
46,2,2
37,0,5
21,0,3
36,3,4
56,0,5
20,1,2
41,3,4
19,10,2
0,1,2
27,1,4
34,2,3
67,0,3
45,0,3
29,5,5
19,0,3
56,0,4
0,0,1
54,21,3
30,2,4
0,0,1
19,0,3
25,0,4
48,4,3
42,0,4
30,0,2
0,0,2
56,20,4
0,2,2
23,6,3
29,0,4
42,2,4
26,0,4
39,0,3
28,21,3
0,4,2
51,2,5
58,0,5
53,10,3
22,12,3
0,0,2
27,0,2
72,0,5
20,8,2
61,3,4
0,0,1
27,0,2
65,0,3
22,21,2
48,0,5
0,1,2
49,10,4
0,1,3
30,8,3
39,5,4
60,0,3
50,0,3
23,2,3
36,30,1
35,0,3
0,0,2
24,0,2
29,0,3
28,0,4
49,3,1
0,5,1
23,20,2
0,0,1
23,0,4
24,0,4
61,0,2
45,0,3
20,5,2
25,11,2
0,3,2
44,0,3
22,5,3
55,0,2
43,5,4
25,0,4
40,0,5
0,0,1
47,0,4
60,7,3
24,5,4
49,20,3
72,1,2
21,0,4
0,6,2
40,0,2
37,3,2
0,0,2
30,0,3
30,30,5
64,1,5
31,20,4
23,5,3
32,4,4
0,1,2
30,0,2
25,0,3
46,0,4
60,4,5
0,8,2
65,0,3
23,0,4
28,0,3
27,4,2
22,21,3
27,0,3
67,10,5
43,0,3
20,1,3
37,20,2
19,60,3
39,2,2
23,60,3
39,1,3
69,0,2
34,25,3
55,5,3
58,1,4
25,3,3
53,3,5
25,0,2
0,3,2
74,0,2
47,0,4
30,2,3
25,2,3
33,10,5
22,20,2
25,6,5
49,0,5
38,0,4
22,3,3
23,3,1
56,0,1
0,2,1
51,0,3
0,2,2
36,0,4
43,4,4
28,0,3
0,5,2
28,1,3
66,0,5
22,50,3
70,2,5
65,5,3
20,0,3
21,0,4
30,0,4
50,0,4
30,0,3
36,2,3
0,1,1
28,0,3
60,2,2
36,0,5
46,2,3
41,2,4
48,0,2
48,5,4
47,3,4
23,0,3
0,0,2
42,1,4
41,3,4
41,1,4
22,0,3
49,0,4
23,0,4
45,0,3
40,0,4
78,0,3
46,0,4
35,1,4
52,0,4
42,0,5
46,0,4
20,3,3
28,1,4
58,0,4
60,0,3
55,1,4
90,0,3
27,0,3
43,0,3
40,21,4
19,0,2
0,0,2
29,3,3
45,5,5
50,0,4
0,1,1
50,7,2
0,0,2
0,3,1
26,21,3
47,4,4
50,7,2
58,0,4
40,0,3
52,3,4
30,0,5
48,0,4
64,40,5
29,2,3
40,20,2
22,12,3
38,0,3
0,1,1
26,0,4
21,16,2
19,0,2
0,3,1
41,0,4
23,0,3
30,1,4
23,10,3
45,0,2
34,0,3
32,0,4
40,0,2
22,1,2
60,8,4
54,2,2
27,2,4
0,0,2
22,1,2
78,0,3
29,0,2
24,0,2
44,0,4
25,0,4
0,7,1
42,0,3
36,2,3
43,0,4
19,0,2
28,0,5
24,0,2
29,0,2
71,0,3
26,1,3
24,24,3
42,5,4
20,0,2
28,0,3
28,0,3
44,0,3
33,0,3
20,1,3
26,0,3
36,4,2
32,1,3
50,2,3
0,10,1
37,0,4
23,20,3
0,1,2
39,0,4
22,1,2
0,0,2
42,3,2
23,0,3
53,10,5
68,0,3
66,1,3
37,6,4
23,0,2
38,0,3
0,1,2
51,0,4
43,0,4
0,2,2
35,4,3
32,0,2
0,1,2
30,0,3
36,0,3
24,0,2
0,0,2
0,0,1
65,0,3
54,0,3
60,10,5
56,0,2
60,0,3
34,0,2
0,0,1
0,8,2
34,5,3
39,0,4
26,0,4
39,5,2
32,1,2
27,0,3
38,0,4
0,0,1
0,0,3
45,0,4
56,10,4
19,4,5
40,1,3
24,0,3
0,0,1
0,24,2
36,0,2
27,0,4
20,3,2
21,0,2
19,1,2
37,0,3
30,0,3
32,7,3
42,1,4
21,0,3
54,0,5
54,0,5
53,0,3
22,1,2
0,0,2
0,3,1
29,0,3
32,0,3
67,11,2
68,0,3
19,5,3
34,5,3
45,5,4
23,12,5
20,0,2
31,14,3
74,7,3
42,14,4
54,0,3
30,10,5
23,0,3
54,0,4
0,3,1
28,1,1
25,1,4
22,3,2
0,5,2
63,15,4
0,4,2
0,1,1
47,0,3
55,13,2
23,0,3
0,0,2
30,0,3
46,0,4
0,0,2
66,0,3
20,0,3
44,0,4
55,3,4
45,30,4
0,2,1
67,0,4
44,7,3
24,7,3
0,5,2
48,4,4
0,0,1
33,0,4
37,0,2
29,0,3
27,0,3
28,1,3
43,5,1
38,20,5
0,21,2
37,10,3
47,5,5
54,1,5
44,0,2
0,20,2
0,0,1
0,13,1
49,2,3
28,0,5
19,25,3
49,3,4
57,0,3
0,1,1
30,30,3
42,0,2
45,28,4
76,0,5
27,3,4
0,0,2
19,0,2
20,0,2
25,1,3
27,3,3
38,0,4
48,1,4
0,3,1
58,2,5
0,0,1
56,1,4
83,1,4
23,2,3
38,2,4
31,0,4
0,2,1
0,1,3
0,0,2
24,3,3
57,15,1
0,0,1
50,0,4
35,25,3
0,4,1
42,7,4
0,0,1
58,0,5
36,0,3
35,1,5
31,0,4
51,0,5
0,0,2
21,0,2
54,0,4
79,0,3
40,0,5
26,2,4
20,4,3
63,0,5
0,0,1
23,12,3
0,2,1
31,1,3
0,3,1
29,1,2
0,5,1
36,35,2
29,3,3
62,0,4
32,2,4
45,1,2
0,0,1
31,10,2
23,5,4
28,1,3
23,12,3
48,4,4
25,0,2
72,12,5
30,0,4
0,0,1
54,45,4
51,14,2
33,5,3
0,1,1
38,2,4
28,1,4
31,0,3
0,2,1
35,1,5
28,4,4
0,2,2
38,1,5
40,5,2
0,12,1
29,2,4
28,1,4
26,4,4
24,35,3
23,0,3
50,4,2
51,0,4
0,1,1
22,0,2
62,20,5
36,0,5
58,0,3
52,1,4
22,4,2
33,0,3
26,6,5
23,2,4
30,4,3
42,0,2
0,0,2
19,2,2
0,0,2
55,0,4
44,0,3
42,3,4
42,20,3
0,4,2
32,1,4
59,2,5
19,0,2
38,0,4
0,5,1
0,3,3
0,1,2
35,1,5
57,5,3
0,1,1
19,6,2
23,3,3
24,0,4
40,10,2
20,0,2
22,20,4
56,10,2
22,0,4
48,0,4
0,0,2
19,0,2
34,0,3
0,0,2
24,0,2
27,0,3
0,7,1
64,10,3
0,4,2
28,2,3
29,0,3
33,1,2
25,0,2
45,1,3
25,0,2
46,5,4
0,56,2
50,0,3
34,7,4
60,0,4
25,1,4
20,2,2
29,6,2
0,0,3
22,5,2
23,0,2
0,5,2
25,2,4
30,0,4
40,1,2
39,0,3
45,3,4
49,0,3
0,0,1
38,2,1
23,0,3
48,2,2
36,20,4
24,60,3
61,0,3
29,0,4
51,0,5
36,2,4
38,2,4
64,10,5
24,0,3
0,2,2
33,5,4
22,0,3
34,20,4
35,0,2
42,0,3
0,14,1
22,5,2
49,0,5
28,0,4
24,0,4
38,8,5
31,0,2
25,0,4
39,1,4
59,3,4
33,0,4
25,0,4
43,1,3
37,0,5
30,1,3
23,0,3
24,8,3
27,8,4
25,2,3
25,1,4
27,1,4
28,0,4
48,0,4
25,1,4
35,1,4
38,1,3
28,0,3
49,0,2
22,3,2
44,10,4
61,0,2
29,10,4
33,4,3
20,4,2
40,0,3
31,10,4
20,2,2
28,0,2
24,0,4
29,0,4
22,0,3
28,10,3
0,4,1
42,1,4
60,0,3
25,0,3
65,0,3
27,3,4
22,3,3
0,0,2
27,0,3
29,11,5
0,0,1
21,50,3
29,0,4
36,0,5
37,0,4
59,0,3
51,0,5
50,0,5
46,3,5
0,0,2
26,0,4
33,2,4
56,10,4
0,0,2
57,4,3
29,10,3
43,10,4
30,1,4
23,0,3
44,0,2
34,4,4
37,0,4
0,1,1
0,0,2
26,18,4
23,1,3
23,2,3
29,0,4
23,0,3
27,2,4
52,0,3
32,0,3
43,0,3
56,0,3
28,0,3
35,0,5
0,0,1
43,0,4
33,0,3
38,0,3
27,1,3
50,0,4
20,0,3
36,5,4
0,0,1
20,12,3
37,0,4
32,1,4
22,3,2
29,0,4
43,0,2
24,0,3
28,0,5
0,2,1
52,0,3
40,0,4
34,0,5
20,2,2
25,3,4
0,5,2
20,15,3
28,2,5
0,0,1
71,6,4
55,14,5
24,9,2
38,3,2
60,0,3
60,10,2
0,5,1
49,0,2
0,0,2
25,4,3
39,4,2
65,0,4
20,2,3
21,0,3
26,0,2
0,4,1
30,15,3
90,0,5
38,12,4
56,0,2
0,2,2
35,2,4
21,0,1
77,0,2
44,20,2
0,0,2
26,1,1
37,2,4
19,0,3
0,0,1
29,0,4
52,3,4
21,5,3
21,1,2
0,5,2
34,2,4
24,0,3
40,0,3
23,10,3
47,2,3
22,0,3
31,12,4
55,0,5
21,4,2
30,2,4
27,0,2
38,1,2
29,20,3
28,10,4
41,3,3
35,0,4
48,3,4
66,0,4
48,20,4
31,5,2
31,0,1
0,0,1
44,4,2
21,1,2
49,0,4
67,0,2
21,15,2
0,10,3
0,0,1
24,1,3
48,2,3
58,1,3
66,0,3
43,15,1
61,0,2
19,0,1
40,0,4
23,0,2
36,0,4
26,2,3
20,0,2
56,0,4
32,15,5
0,1,1
34,5,4
23,0,2
25,0,4
25,0,4
21,11,2
66,15,4
25,20,2
20,3,3
26,0,4
25,0,4
23,0,3
21,6,2
35,0,4
22,0,3
36,24,2
0,0,2
48,0,4
22,0,4
35,1,4
26,0,3
33,0,2
28,13,4
26,0,3
31,4,3
0,0,1
0,0,1
31,20,2
28,2,5
35,30,3
30,30,1
23,0,2
0,1,1
0,0,2
32,9,5
42,28,2
20,0,1
32,10,4
27,0,3
29,0,5
0,0,1
44,0,4
30,28,4
25,0,3
59,0,4
29,3,4
38,10,5
27,3,4
66,0,5
0,17,1
20,0,2
44,20,2
25,28,4
45,0,4
23,1,3
0,7,1
43,0,3
19,1,2
24,0,3
23,0,3
0,24,2
44,6,5
0,0,1
0,0,3
24,3,3
19,0,2
59,6,3
21,0,2
21,5,2
26,0,3
22,7,1
0,5,1
0,0,2
20,50,2
25,0,3
41,2,3
40,0,4
57,12,4
53,0,3
20,3,2
24,0,3
42,0,4
29,12,4
32,0,2
58,7,4
19,4,3
0,0,1
37,0,4
32,0,4
20,0,2
28,2,3
33,10,4
0,4,1
30,14,3
0,5,2
0,1,1
22,0,2
26,0,3
40,6,4
42,2,4
25,3,4
30,1,3
36,2,4
60,0,5
0,1,2
29,7,4
0,1,1
0,0,1
0,2,2
28,5,4
29,21,5
0,9,1
25,5,3
44,14,4
59,6,4
45,1,4
25,5,2
22,7,2
0,15,1
21,10,2
49,3,4
43,0,5
0,1,1
26,3,4
30,40,2
26,3,3
68,25,2
24,28,3
51,0,3
57,3,3
0,0,2
67,0,3
21,0,2
20,2,2
19,8,2
24,10,4
45,4,3
27,7,3
37,0,5
23,60,2
30,20,4
43,2,1
0,0,2
38,7,4
24,0,4
19,10,2
49,1,3
29,0,4
30,10,2
20,18,2
40,0,3
21,0,4
38,0,3
22,0,2
71,3,4
32,0,4
55,0,4
21,0,2
32,2,2
0,0,2
0,0,1
39,0,2
0,0,1
27,5,2
27,0,4
40,2,3
65,0,5
49,2,5
57,0,1
0,0,2
28,10,5
0,0,2
67,3,4
22,0,2
50,10,2
36,2,3
26,15,3
19,0,2
22,0,4
0,2,3
43,0,3
26,15,3
20,0,2
28,0,2
43,0,2
45,20,4
60,20,4
48,4,4
37,0,4
55,5,4
19,2,1
65,2,2
0,2,1
55,0,3
27,0,2
26,48,2
20,1,3
68,4,4
28,2,4
0,6,2
32,0,2
46,5,3
25,0,4
49,5,4
50,10,4
29,1,3
0,2,2
42,0,4
31,4,4
27,0,3
58,0,3
33,2,4
0,3,2
60,0,4
54,0,4
48,1,4
19,2,2
21,0,3
21,1,2
21,2,4
0,0,1
41,0,2
28,1,3
44,0,5
23,10,2
58,2,3
38,1,4
45,1,4
47,0,4
21,0,2
0,5,2
19,0,3
0,0,2
19,4,3
50,1,1
20,0,2
36,1,5
70,1,2
46,0,3
27,7,3
65,1,4
48,3,4
0,5,2
73,5,3
20,50,2
40,0,2
26,4,3
33,0,4
38,10,5
62,10,3
29,1,4
0,4,2
28,1,4
38,0,4
32,10,4
25,3,3
0,2,2
0,0,2
55,0,2
36,10,4
0,0,2
64,2,3
21,3,2
26,1,3
0,3,1
50,3,4
56,0,4
24,2,2
37,20,4
42,0,3
22,0,3
21,3,3
23,3,4
21,0,3
0,0,1
19,0,2
22,0,3
21,0,3
23,14,3
29,4,4
0,0,2
23,10,3
36,0,4
57,0,3
20,10,2
70,5,3
36,0,3
48,0,3
40,7,3
36,0,4
41,0,4
32,0,4
24,0,5
51,0,4
0,0,2
25,1,3
37,1,4
52,0,4
27,15,4
34,1,4
26,0,3
64,10,4
43,0,4
41,7,5
29,40,4
34,8,4
23,0,2
0,4,1
62,0,3
42,14,4
29,0,5
42,6,4
0,0,1
32,25,3
20,5,2
30,0,2
24,0,4
43,12,2
35,15,5
20,21,2
37,0,4
35,0,4
0,30,2
0,5,1
28,2,3
64,0,4
58,2,4
37,20,4
30,15,4
19,4,3
65,0,5
27,24,1
19,30,2
19,3,2
0,0,2
22,10,2
33,0,3
28,0,5
41,0,4
42,0,2
39,2,4
65,0,4
33,4,4
26,3,4
42,0,2
43,16,4
44,12,5
0,12,2
29,7,2
26,1,4
35,7,3
50,3,3
26,0,2
27,0,3
36,1,3
39,0,3
21,0,3
0,37,2
44,0,5
21,14,4
27,0,4
27,0,3
64,0,4
20,0,2
25,4,2
24,1,2
26,1,3
40,10,4
30,0,2
32,21,4
24,0,3
21,0,2
0,1,2
55,20,4
38,0,3
40,0,4
22,25,2
70,2,5
28,1,3
0,3,2
21,1,2
24,0,4
22,8,2
19,12,2
46,10,4
47,0,3
22,2,4
19,3,2
40,0,2
26,0,4
29,50,3
21,5,2
42,20,2
33,4,2
23,0,3
33,3,4
0,1,1
19,0,2
21,10,2
24,2,4
29,3,4
0,1,2
22,0,3
20,10,2
46,10,2
24,5,4
32,0,3
28,5,4
27,1,2
29,6,5
0,0,2
34,0,3
0,2,2
0,0,2
19,14,2
31,14,4
24,5,3
71,0,2
65,2,1
32,2,4
65,0,4
22,3,5
0,0,1
32,1,5
54,5,4
23,1,2
27,2,4
53,1,4
28,1,4
0,5,2
55,7,5
33,3,4
29,0,3
24,0,2
27,2,4
31,10,3
20,4,2
0,1,2
30,3,4
37,0,3
23,4,3
21,0,2
0,2,2
29,10,5
24,25,3
26,7,2
26,7,4
28,1,4
26,0,4
29,0,4
25,0,4
22,0,2
26,20,5
50,0,2
38,0,2
27,0,3
25,1,3
65,20,2
59,0,3
22,0,3
61,10,4
25,15,2
20,15,2
28,0,3
26,3,4
0,40,2
21,10,2
32,1,4
66,10,4
27,3,3
44,10,4
28,3,4
25,12,2
19,1,2
41,0,2
44,2,4
38,1,3
30,20,4
64,0,4
0,3,2
52,50,5
42,14,2
26,48,2
29,7,3
21,0,3
70,15,2
23,5,3
23,6,3
25,10,4
50,1,3
0,78,1
20,0,2
74,21,5
48,35,3
20,1,3
43,1,4
50,0,2
56,0,3
41,2,3
30,0,4
21,0,1
38,0,2
32,10,4
35,6,2
25,4,3
66,4,2
34,0,1
0,0,2
47,10,4
56,0,3
36,10,4
28,0,3
37,0,3
27,21,3
22,10,2
74,20,3
33,10,5
49,0,3
70,20,4
28,5,2
23,1,2
33,10,4
56,0,2
32,0,4
67,15,4
33,10,2
54,12,4
43,1,4
51,2,3
20,1,2
21,0,2
41,20,4
39,10,2
28,3,4
28,15,3
60,7,2
0,7,2
24,2,3
20,0,2
21,3,3
0,4,1
20,5,2
43,0,4
31,0,3
41,0,4
29,0,2
27,2,2
26,5,4
36,2,4
23,0,3
28,1,4
31,1,3
31,0,3
47,7,4
24,1,4
29,5,4
20,0,3
36,0,3
29,0,3
40,0,2
49,0,5
0,3,1
24,1,3
44,0,3
0,2,2
77,0,3
20,2,3
21,0,2
42,2,4
35,0,5
31,10,2
26,30,4
23,0,4
25,10,4
42,0,3
23,0,3
40,0,3
19,1,4
23,0,3
55,1,5
34,2,2
0,1,1
0,0,2
0,6,1
46,0,4
34,1,4
43,32,3
29,12,3
31,6,4
36,8,5
28,0,5
29,8,5
60,0,3
73,35,3
45,2,2
54,0,4
40,0,4
44,0,5
55,0,5
49,0,2
23,28,3
0,0,1
45,0,4
27,0,5
65,0,5
28,0,2
51,2,3
33,3,3
37,0,2
24,0,3
48,0,5
68,3,3
23,0,3
43,1,2
63,10,3
19,0,2
50,1,3
53,4,4
76,0,4
71,0,5
52,1,5
0,0,1
57,0,3
21,8,2
55,4,4
34,0,4
62,2,3
19,2,3
63,0,3
58,0,3
49,1,3
57,10,3
0,1,2
0,0,2
36,3,4
0,0,2
28,3,4
29,0,3
45,3,4
0,1,2
25,8,3
0,0,2
89,0,5
27,0,5
45,3,4
19,1,3
42,0,3
20,3,2
58,1,5
0,10,2
50,20,5
35,0,5
64,0,3
58,1,2
57,4,4
44,1,3
23,0,4
24,6,3
44,0,4
0,16,1
52,1,2
23,0,3
34,0,4
76,0,5
34,3,2
39,3,2
37,1,3
33,0,5
40,0,3
33,2,3
72,0,5
0,0,1
30,0,3
0,0,1
36,0,3
43,1,4
0,0,2
0,0,1
58,0,3
31,30,4
68,0,5
25,21,2
57,10,5
38,0,2
41,0,4
64,2,5
57,0,2
24,1,4
64,5,3
48,0,4
47,0,3
19,0,2
57,0,4
34,0,3
0,1,2
75,0,4
44,2,4
37,6,4
26,3,3
31,0,4
19,3,5
28,2,2
36,3,2
45,7,4
43,3,5
65,15,3
22,1,2
55,0,3
0,1,2
22,10,4
63,2,4
55,0,4
56,0,4
29,1,3
36,0,3
27,0,3
0,0,1
48,0,4
0,2,2
32,3,4
53,0,5
45,0,3
0,0,1
0,5,2
34,15,3
58,0,5
46,0,2
50,20,5
0,1,2
44,0,4
56,2,3
27,0,3
56,2,5
45,0,4
33,1,3
0,0,2
0,2,2
37,0,3
46,28,2
31,1,3
0,8,1
21,0,2
49,0,2
22,0,3
20,1,2
58,1,4
34,0,2
29,1,4
0,0,1
31,0,4
0,3,1
43,10,3
73,8,3
31,20,4
35,0,1
66,0,2
0,0,2
39,6,1
65,0,5
0,0,2
34,0,3
46,0,3
0,0,2
0,0,1
37,3,4
0,0,1
45,1,4
42,0,1
48,0,4
26,1,5
61,0,4
41,1,4
33,3,4
32,5,3
31,1,3
30,4,4
33,3,5
36,3,3
39,0,3
0,1,2
32,1,4
53,10,5
42,3,4
45,3,4
46,2,2
45,0,4
0,2,3
37,6,3
35,3,3
26,1,1
57,0,4
0,1,1
60,0,3
27,2,4
25,1,4
42,0,5
0,0,2
22,0,3
0,2,1
54,0,3
0,0,2
22,15,3
0,6,2
71,0,2
82,5,5
23,0,2
0,25,2
24,0,2
53,2,2
20,0,2
34,0,4
56,1,3
0,2,4
47,0,5
46,0,3
0,0,3
0,0,2
19,5,2
55,0,4
29,0,2
26,0,3
21,0,4
0,3,2
0,0,1
28,20,3
62,12,5
42,1,3
50,3,4
0,0,3
60,1,4
41,3,5
43,0,3
22,2,3
22,0,3
48,0,2
0,0,2
42,0,2
48,0,3
51,14,4
25,0,2
30,0,5
67,1,1
20,0,3
22,7,2
54,0,4
19,0,2
50,0,3
39,1,2
70,20,4
41,0,4
42,4,2
36,1,5
39,2,3
0,2,2
51,0,3
0,1,2
57,3,3
0,2,2
36,0,4
20,0,2
78,0,3
0,3,2
42,0,4
40,0,2
25,1,3
22,0,3
79,0,1
45,1,5
42,3,4
0,0,1
21,4,2
25,0,2
43,0,4
19,0,2
0,3,2
0,5,2
0,1,2
24,1,3
64,0,4
0,3,2
34,2,4
60,0,3
34,1,3
40,0,4
37,15,4
25,0,3
0,0,1
62,0,3
58,5,4
30,0,5
41,0,4
27,1,3
20,30,3
49,5,3
30,8,4
27,2,5
0,0,3
38,0,4
23,1,3
23,3,3
21,0,3
40,1,4
26,1,4
31,0,4
45,10,4
26,0,3
0,0,1
47,25,4
25,0,4
33,0,2
0,8,2
61,0,3
38,1,5
29,0,3
36,0,3
54,1,1
27,0,3
49,0,4
0,8,3
23,0,4
65,4,4
27,1,1
55,0,4
34,0,3
0,0,2
0,0,2
0,1,2
35,6,5
40,1,3
0,0,2
21,24,3
0,1,2
28,5,4
33,0,4
44,0,1
0,1,2
33,1,3
0,1,1
28,0,2
0,1,2
49,0,4
20,6,2
34,0,4
42,0,4
28,20,3
64,0,3
25,0,4
24,1,4
50,1,5
72,2,4
46,0,5
19,0,3
45,6,3
31,0,3
32,1,3
22,0,3
61,30,4
32,7,3
42,1,4
50,8,5
0,2,1
20,3,1
29,0,3
40,0,3
48,15,5
36,0,3
21,2,2
19,0,2
51,0,3
23,2,4
34,45,3
0,5,2
41,15,2
27,2,5
34,0,4
20,0,2
38,0,2
31,1,4
20,1,3
26,50,4
32,0,3
42,0,3
22,2,2
37,0,2
0,0,1
27,2,3
0,2,1
44,1,5
35,2,3
50,30,3
42,7,3
60,0,4
29,2,3
27,0,4
27,0,4
56,2,5
20,0,2
23,0,3
31,7,4
50,0,3
46,0,1
53,1,4
77,0,3
67,2,3
52,0,3
30,8,3
21,3,2
26,1,3
0,0,1
20,10,3
62,0,5
46,0,5
32,6,3
30,2,5
0,40,1
26,7,4
27,1,2
44,20,3
25,1,5
57,0,4
28,0,4
19,10,2
53,0,2
29,2,3
52,2,2
0,8,1
20,1,2
60,0,2
39,0,4
33,0,5
25,0,3
43,4,2
38,5,4
70,0,5
21,0,4
53,0,2
48,1,2
58,5,3
0,0,2
64,0,4
23,6,2
57,0,3
35,3,3
21,0,4
22,1,3
66,0,3
54,0,4
29,0,4
37,0,3
28,10,4
54,3,4
22,2,5
27,12,4
0,0,2
0,2,2
19,0,2
45,10,2
39,0,3
50,0,5
35,0,3
71,0,2
0,0,2
23,2,2
40,0,4
39,0,4
56,3,5
50,0,3
44,17,4
38,15,5
52,3,4
50,0,4
0,1,2
28,10,3
44,0,3
68,0,4
0,0,2
40,10,3
43,0,3
48,20,4
0,2,2
41,0,2
0,2,2
43,0,3
47,3,5
42,4,3
67,0,4
44,4,3
68,0,4
36,4,4
63,0,3
29,0,2
22,0,4
34,8,2
45,0,4
31,1,3
40,10,5
47,0,4
0,0,2
52,14,4
61,0,5
24,1,2
57,10,5
56,1,4
35,1,4
40,0,5
32,1,3
27,0,2
57,3,1
33,2,2
0,50,1
21,1,2
54,0,3
47,0,2
37,0,4
63,0,5
32,5,4
55,0,4
26,0,3
30,0,2
68,0,2
26,2,4
26,35,3
32,2,4
36,10,4
47,0,2
0,0,2
0,0,3
20,2,3
51,5,3
0,30,2
23,0,3
41,0,3
0,0,1
73,0,3
48,2,2
52,0,4
41,5,1
29,5,3
0,0,1
38,5,3
30,4,3
37,5,4
19,0,3
56,0,2
44,2,5
68,0,5
19,0,1
22,0,3
33,0,4
27,0,3
55,4,4
25,0,3
60,0,3
34,0,2
44,0,5
0,0,1
38,0,3
0,0,1
24,1,1
25,20,3
0,0,2
30,0,3
53,0,5
28,1,4
64,0,2
23,1,3
60,0,4
51,0,4
25,1,4
24,0,2
0,2,1
0,6,2
0,0,1
19,0,4
37,0,3
39,20,4
39,0,4
19,0,2
33,0,1
44,3,5
65,10,2
19,0,2
33,1,4
58,0,4
57,3,3
38,3,5
51,0,2
49,0,3
0,16,1
70,0,5
30,0,5
47,0,3
47,0,3
52,0,2
20,0,3
21,1,2
58,1,1
22,9,3
27,2,4
28,12,5
0,0,1
40,1,4
46,5,3
19,0,3
42,1,5
19,5,2
19,8,4
55,0,4
67,0,3
63,0,5
22,10,3
72,16,1
34,0,4
51,2,4
23,1,2
22,0,2
19,4,3
51,0,2
55,0,2
31,3,3
23,0,2
23,0,3
42,0,5
50,0,5
24,15,3
53,0,3
53,0,3
44,1,2
22,0,3
53,10,3
55,0,1
55,0,4
27,0,2
22,4,2
30,8,1
60,10,5
46,5,4
25,0,2
27,4,3
0,0,2
35,0,3
0,10,2
55,0,5
24,2,4
35,0,3
43,0,4
22,0,3
25,30,3
33,12,3
37,20,3
32,0,4
0,0,1
0,2,1
0,30,1
22,12,2
0,2,3
22,1,3
45,0,4
46,0,4
55,24,4
30,0,5
65,0,1
28,0,3
36,0,4
46,10,4
33,10,4
53,3,4
20,0,2
33,0,1
24,0,3
19,1,2
20,5,2
58,2,5
0,0,1
64,15,5
60,2,4
33,21,4
47,0,3
45,0,5
28,0,2
29,1,4
46,10,3
19,1,3
0,10,1
23,0,3
48,1,4
0,2,1
33,1,4
30,7,3
19,2,2
42,2,5
49,4,4
49,24,2
33,0,2
39,2,2
63,4,1
26,10,3
28,0,3
38,8,3
0,1,2
0,1,2
69,0,1
0,5,1
30,1,4
40,7,4
25,5,4
26,28,3
30,0,3
22,0,3
57,0,5
26,2,3
46,0,4
36,0,4
63,0,2
41,10,3
39,0,3
44,2,4
0,0,1
34,0,3
23,1,2
0,0,1
45,14,5
55,5,2
0,14,1
63,0,2
0,14,2
31,2,4
38,20,2
22,3,3
0,0,2
22,0,3
47,0,2
40,0,4
0,0,2
29,0,4
0,10,1
0,0,2
40,0,2
29,3,4
23,80,3
46,0,4
27,0,3
31,0,4
48,0,5
0,0,1
0,2,2
0,1,2
32,16,3
0,1,1
0,0,2
35,3,4
0,3,1
0,1,1
45,14,5
41,0,5
0,0,1
0,0,1
0,0,1
30,8,4
20,0,4
46,0,2
76,2,1
27,0,2
51,5,4
54,1,4
0,0,2
22,6,3
0,2,1
33,12,2
0,2,2
0,0,1
22,2,2
0,0,1
39,0,3
21,8,2
28,0,4
0,0,2
0,2,2
47,1,5
52,3,2
39,14,4
0,0,1
70,0,2
68,1,5
40,2,4
25,5,4
44,18,4
21,15,5
0,0,2
27,10,4
34,0,3
26,10,3
45,2,5
31,0,3
21,0,2
57,7,3
42,2,3
25,3,4
0,0,3
31,0,3
0,0,1
0,3,2
51,1,3
0,12,3
29,5,4
19,0,4
45,1,4
0,5,1
40,0,5
37,0,3
24,0,4
25,0,3
0,4,1
46,3,4
25,0,4
33,0,4
29,1,4
26,2,2
36,1,3
44,5,4
0,6,1
39,2,4
0,1,2
59,0,5
19,0,2
62,0,3
33,0,4
28,2,4
36,3,5
77,10,4
53,20,4
0,0,2
20,0,4
24,0,3
37,2,3
23,2,3
29,0,2
34,2,4
22,2,3
47,1,3
0,1,1
20,2,2
0,2,2
58,0,3
66,8,4
47,7,3
47,6,4
26,0,4
24,24,3
45,7,4
21,1,3
40,1,3
24,15,3
0,0,4
47,0,3
22,0,3
27,1,3
0,2,3
37,1,4
32,3,5
40,2,4
28,0,2
26,0,4
33,0,3
0,2,2
35,1,2
0,20,1
0,0,2
45,10,4
35,0,3
0,18,2
20,1,1
0,5,1
0,0,1
51,0,3
24,2,3
32,7,4
26,1,4
19,1,2
34,2,2
35,0,4
0,0,3
19,3,1
0,14,2
33,5,4
20,3,3
23,0,3
23,0,3
0,1,1
36,3,4
21,1,3
30,8,2
61,2,3
31,2,5
0,9,2
58,15,5
0,0,2
32,0,2
33,3,3
0,5,2
30,3,3
0,3,2
33,4,5
19,6,3
59,0,3
20,10,3
45,4,3
0,5,2
20,2,2
19,0,3
52,3,4
49,8,3
36,2,4
34,0,4
0,2,1
0,0,1
23,0,3
50,14,2
32,35,2
30,1,4
59,1,3
19,2,2
40,3,4
75,2,5
20,0,2
45,0,2
52,0,5
27,0,4
71,0,3
33,0,2
0,0,1
50,70,3
26,0,3
57,0,2
26,14,2
27,5,5
29,3,5
19,10,3
46,0,3
51,20,3
68,0,3
42,20,3
0,0,2
43,0,4
0,0,3
25,0,2
29,5,4
0,5,1
28,3,3
23,0,3
33,7,3
0,1,2
27,0,3
20,0,2
0,0,2
44,0,3
64,4,3
37,0,4
44,10,3
21,0,2
48,0,3
29,0,5
48,0,3
32,0,3
0,0,1
24,14,4
53,0,2
52,0,4
42,40,2
0,0,1
0,3,2
0,4,1
38,10,2
0,0,1
44,0,3
58,0,4
22,0,2
25,1,3
38,0,3
55,0,5
33,0,3
0,5,1
33,30,3
39,3,2
0,0,2
0,0,2
54,0,4
31,12,4
25,0,4
53,0,4
0,0,2
63,1,5
46,0,2
20,0,2
61,0,4
36,0,5
0,0,2
69,0,4
41,0,4
56,15,4
29,0,3
37,0,4
50,14,5
53,0,2
0,0,1
22,0,4
20,0,1
48,24,3
0,0,1
39,1,4
54,0,3
20,0,5
32,0,3
30,0,3
0,2,2
24,0,2
35,10,4
26,0,3
49,1,2
39,0,3
57,20,4
54,1,4
0,4,2
25,0,3
25,10,2
0,0,2
72,0,2
54,0,1
50,0,4
0,1,1
20,1,3
34,10,3
22,0,4
22,0,2
56,0,4
26,0,5
30,0,3
22,0,3
25,0,3
55,2,3
44,0,4
55,0,3
35,2,3
28,42,5
0,0,2
57,2,4
68,0,5
25,0,3
50,0,4
42,4,2
50,3,3
0,0,1
0,1,2
0,0,2
31,1,5
23,6,2
20,4,3
54,1,4
33,0,4
57,4,5
40,0,4
0,4,1
0,25,1
0,0,2
38,0,2
0,1,1
61,1,4
61,1,2
63,1,4
0,1,2
49,0,4
19,0,2
19,0,3
33,0,1
46,0,4
42,4,4
79,0,3
29,0,3
0,41,2
39,7,4
29,15,4
74,5,5
44,0,4
36,0,5
38,3,3
25,1,4
39,2,3
46,5,3
46,0,4
42,12,4
58,0,3
0,10,2
27,0,2
0,5,1
20,0,2
56,4,5
57,0,5
44,4,4
40,0,3
22,10,3
22,1,3
32,21,2
23,3,2
30,0,3
19,5,2
40,7,5
0,0,1
21,0,2
39,3,4
28,0,3
21,0,2
60,1,4
19,0,2
0,17,2
50,1,4
39,1,4
19,0,2
27,2,3
21,5,4
29,8,4
59,0,2
40,0,3
28,2,3
22,0,3
25,2,4
34,0,4
27,0,3
19,5,2
0,35,2
30,10,3
49,0,4
53,2,5
29,24,3
35,0,4
58,0,2
24,5,4
49,18,2
19,0,2
43,0,4
29,0,4
22,3,2
33,1,5
0,0,2
23,7,2
47,10,3
0,1,2
41,1,5
22,1,2
22,0,3
51,4,2
22,3,3
62,2,3
51,7,5
33,0,3
68,0,4
51,0,2
32,2,5
24,15,5
22,2,3
27,3,3
45,20,4
45,1,3
48,20,3
0,18,2
0,0,2
33,6,3
34,6,4
0,0,2
21,0,2
34,0,5
0,0,1
39,0,4
0,2,2
20,0,3
23,0,4
43,12,4
19,4,2
23,1,3
50,0,4
26,0,4
48,4,3
24,3,4
33,10,4
26,1,2
0,0,2
65,0,5
26,18,2
38,7,5
21,0,3
26,14,4
75,0,3
61,6,4
36,0,2
24,0,2
62,5,5
53,0,3
70,0,4
34,10,4
29,1,4
34,40,3
26,0,3
36,0,4
31,5,4
31,0,4
33,0,5
51,15,2
26,0,2
0,0,2
0,8,2
56,10,5
72,0,4
19,0,2
0,1,1
0,1,1
48,0,2
0,0,1
77,0,3
44,1,4
34,0,4
68,0,3
57,0,3
21,2,3
46,10,3
35,5,2
20,6,2
19,1,3
23,0,4
39,0,5
28,0,3
25,3,3
19,3,5
29,2,2
57,7,3
27,0,3
30,0,3
23,0,2
39,1,3
21,0,3
20,1,2
54,0,4
41,3,4
19,0,2
19,5,2
62,0,3
27,2,3
0,1,2
0,5,1
21,3,2
60,0,5
0,12,1
19,10,2
70,0,5
30,2,3
28,5,4
27,0,3
29,5,4
35,25,5
44,2,2
24,10,3
0,2,2
44,14,4
0,37,2
56,2,5
38,3,1
54,8,3
21,0,2
0,5,1
49,0,2
26,0,4
0,0,2
0,8,1
28,2,3
22,0,3
31,2,4
27,0,3
20,0,3
25,5,2
21,10,3
34,0,3
41,0,4
56,0,4
60,2,4
37,0,2
38,0,3
0,5,1
26,0,4
21,7,3
55,14,4
71,5,1
0,6,3
27,24,3
0,10,2
0,0,1
45,0,3
45,0,3
27,0,3
57,8,3
22,30,3
40,2,4
24,0,4
30,3,5
30,0,3
24,0,3
41,1,4
22,0,3
55,0,4
23,10,3
36,0,4
33,5,3
0,1,3
36,1,5
0,0,2
20,2,2
0,0,2
46,0,4
0,2,1
31,20,5
45,0,4
39,0,3
51,2,2
49,2,5
30,10,3
28,4,3
26,0,3
0,0,1
35,0,2
57,0,4
43,2,2
51,0,4
42,0,4
30,1,5
36,1,3
50,3,2
42,1,3
0,6,1
28,25,5
43,1,3
51,15,3
44,0,5
55,20,5
0,0,2
0,5,2
56,0,5
24,0,3
55,0,3
0,0,2
28,0,4
31,0,3
27,1,4
54,4,4
21,2,2
0,1,2
0,4,1
40,28,4
0,72,2
78,0,1
24,0,2
32,0,4
37,0,4
56,8,3
28,0,4
58,16,4
22,10,3
29,10,3
34,2,3
19,1,2
0,48,2
26,0,3
26,0,4
55,0,4
40,1,5
38,1,5
0,0,1
57,0,5
19,12,4
20,1,2
21,0,3
0,10,2
33,10,2
0,5,2
0,0,3
51,4,2
32,10,4
22,20,3
34,0,3
23,7,4
25,1,3
28,10,3
36,0,4
22,0,3
31,3,4
27,1,2
23,10,3
21,20,2
0,3,2
34,1,3
20,2,3
29,0,5
48,1,3
24,1,3
31,4,4
0,4,2
43,15,5
44,0,3
24,1,4
35,4,5
28,1,3
21,0,4
49,0,3
0,6,1
47,2,2
36,2,4
19,2,3
30,55,5
25,2,2
47,1,3
44,0,5
30,0,3
65,2,5
40,5,5
0,6,1
29,0,2
0,0,2
54,0,4
25,0,4
0,5,1
40,5,4
0,1,2
0,1,1
49,0,4
48,20,5
27,1,4
20,0,3
29,21,3
0,6,2
62,0,4
0,0,2
48,6,4
35,0,5
53,0,2
25,0,3
56,2,2
47,0,4
61,5,4
44,1,4
21,14,3
39,0,3
41,0,4
31,0,2
72,30,5
35,2,4
33,0,3
55,0,3
44,2,3
0,0,1
75,0,5
30,0,4
41,15,4
29,0,4
45,10,2
56,1,3
0,5,2
0,2,2
0,15,1
45,14,5
33,2,2
23,4,4
0,12,2
66,70,4
22,2,3
25,6,2
47,3,4
21,0,2
53,0,4
35,1,3
43,0,4
40,0,3
0,0,2
20,1,2
24,0,2
60,0,2
52,1,5
54,20,4
0,3,2
26,50,3
37,2,3
25,3,3
27,0,4
23,1,5
0,15,1
23,1,3
44,4,3
22,10,3
0,4,2
31,0,4
32,10,3
35,3,3
0,0,2
66,0,5
28,0,4
64,2,4
61,6,3
31,5,4
45,0,4
0,0,2
34,15,2
27,3,4
0,0,2
22,0,3
20,72,2
22,5,3
0,2,2
23,1,3
0,0,2
0,0,2
48,1,4
70,1,4
79,20,4
20,0,2
0,0,1
21,0,2
21,1,2
40,18,2
23,1,4
0,1,2
0,1,2
0,0,1
33,3,4
23,2,3
34,0,3
0,0,1
24,0,2
0,24,2
38,0,3
24,20,3
27,0,5
27,0,3
28,0,3
0,0,1
21,0,2
40,1,4
25,0,3
27,0,3
83,2,2
53,0,4
20,2,3
55,5,2
19,0,2
24,0,4
41,3,3
36,30,2
0,5,1
0,0,3
20,1,2
61,15,2
42,0,4
37,1,3
47,0,2
24,0,4
27,0,3
41,0,3
26,0,3
25,7,4
43,1,3
27,5,3
38,0,4
30,2,3
31,5,3
35,0,5
0,0,1
28,2,3
23,2,2
50,0,2
42,0,4
0,12,3
22,0,3
21,1,3
21,5,3
24,0,3
50,0,3
49,0,3
28,2,4
49,5,3
32,1,1
20,21,2
56,0,5
62,0,4
26,1,3
29,0,3
47,0,3
24,1,3
0,10,4
21,1,3
29,0,2
0,0,2
29,7,4
36,10,5
21,0,3
43,0,3
20,0,2
41,1,2
0,20,1
55,10,2
35,0,4
34,10,5
0,0,1
27,0,4
57,6,3
22,0,2
0,7,2
22,2,3
0,1,1
24,4,5
53,2,4
35,40,4
44,1,4
33,2,4
22,2,3
0,10,2
45,6,5
28,0,4
35,0,4
53,0,4
32,0,1
26,1,4
48,10,4
41,1,4
40,3,3
20,0,2
0,2,2
50,2,4
26,3,3
37,30,3
45,14,5
23,0,2
48,3,3
37,0,2
55,0,3
46,3,3
27,1,3
44,3,4
30,3,3
28,1,5
35,0,3
49,2,3
39,2,2
29,0,4
52,1,4
32,0,4
57,0,5
29,0,5
63,0,4
0,0,1
34,2,4
22,0,2
47,25,5
33,1,3
41,1,5
39,10,4
27,1,3
31,30,2
58,6,5
43,0,3
38,0,3
55,10,3
0,5,2
50,2,4
23,21,4
31,10,4
0,5,2
0,0,2
30,1,3
65,1,5
0,1,1
21,0,3
0,6,2
53,3,4
0,0,1
0,2,1
33,2,3
76,2,2
35,0,3
23,2,3
47,0,2
36,0,3
27,0,4
0,3,2
63,15,4
70,10,5
39,4,3
19,27,2
69,2,5
34,0,2
60,0,3
52,0,4
26,3,3
51,0,4
20,0,2
21,0,4
47,0,5
20,4,2
26,0,4
51,0,3
29,5,4
33,0,3
29,0,2
31,0,2
45,6,4
31,0,3
58,0,3
63,0,5
50,0,4
0,0,1
24,10,3
64,30,5
29,0,3
19,0,3
29,2,2
51,0,3
30,0,2
37,0,4
21,0,3
20,4,3
20,0,2
31,1,3
62,12,2
36,2,3
36,1,2
60,0,2
32,0,4
56,0,2
59,0,2
27,1,3
29,10,3
55,0,3
19,30,1
61,1,4
0,2,1
20,10,2
39,1,3
22,0,3
0,0,2
20,0,2
39,4,3
21,0,3
55,7,3
60,5,4
34,0,4
40,0,3
26,0,3
22,1,3
36,0,5
39,1,3
50,4,4
34,0,5
29,7,4
40,0,5
49,0,4
52,0,5
32,8,3
31,1,4
22,1,3
0,0,1
53,0,2
37,10,3
28,0,3
46,0,5
68,0,4
32,1,2
57,0,4
21,0,3
19,2,2
51,0,4
87,1,3
58,1,4
38,0,4
55,6,5
41,8,2
19,0,2
45,10,4
0,19,1
46,3,4
0,0,3
0,0,2
31,0,4
28,1,2
47,1,1
0,0,2
36,1,3
28,5,3
0,0,1
66,33,3
40,12,5
49,0,5
46,0,4
28,3,2
21,1,3
38,0,3
48,10,3
46,0,4
24,1,3
23,0,3
38,4,4
31,0,5
34,0,3
32,6,4
0,5,1
38,96,3
32,2,4
58,0,5
61,6,4
60,1,1
37,3,3
45,0,3
40,0,5
40,28,2
21,25,2
60,0,4
46,0,4
0,2,2
0,0,2
24,1,3
56,3,5
35,0,5
26,0,2
70,0,3
59,0,4
67,0,2
28,0,4
45,0,5
33,0,3
59,14,4
51,3,4
19,0,2
66,1,5
44,1,3
24,5,4
54,0,1
23,0,3
0,5,2
59,3,4
49,5,4
35,0,3
56,0,1
51,2,3
0,0,2
21,0,3
26,0,4
52,1,3
60,0,4
47,3,3
34,0,5
50,2,4
23,8,3
38,2,1
57,2,5
19,1,2
20,0,2
26,0,2
42,12,4
28,0,2
55,11,4
45,0,4
54,1,4
27,15,4
0,1,2
19,0,2
0,0,2
26,0,3
0,21,3
21,0,2
23,5,2
31,10,4
42,0,5
51,1,5
33,2,4
21,0,2
20,0,2
32,5,3
21,3,3
20,0,2
39,20,4
63,2,4
32,0,1
44,7,4
59,0,2
51,1,4
63,1,4
66,0,3
63,0,2
21,0,2
27,0,3
44,4,4
40,10,4
57,4,4
37,15,4
0,0,2
43,40,2
0,12,4
39,0,3
27,0,5
27,15,2
27,3,4
0,2,2
68,10,4
43,4,4
19,0,3
74,0,4
0,5,1
61,5,2
51,20,2
30,2,1
25,1,4
43,1,4
23,0,4
21,0,2
32,0,4
30,0,4
0,0,1
29,10,3
72,0,4
24,0,2
28,0,2
27,0,2
63,14,1
0,0,1
20,3,4
25,0,3
0,3,2
0,7,2
22,0,3
29,25,2
19,1,3
76,0,4
30,0,3
48,15,4
55,5,2
65,2,3
63,1,4
0,0,1
41,4,4
52,0,5
65,0,4
62,0,3
23,0,3
68,9,5
60,0,2
35,1,3
0,0,2
36,14,2
21,10,4
60,7,3
56,1,3
0,0,1
37,0,2
43,2,5
63,12,4
27,0,4
0,6,2
32,0,3
48,3,4
0,0,1
25,0,3
20,0,2
37,0,3
27,8,3
0,7,3
0,2,2
48,9,3
28,1,2
31,7,4
34,7,3
23,0,4
0,1,2
31,1,3
28,5,3
0,3,2
0,1,2
0,7,1
25,0,3
0,0,2
0,2,2
20,2,2
22,5,3
41,5,4
26,0,2
20,0,4
61,0,3
53,0,3
29,0,4
34,0,5
32,1,3
28,0,3
25,5,2
37,0,5
20,0,3
0,0,1
48,50,2
44,1,4
54,2,4
28,0,4
40,0,5
52,5,3
21,20,3
0,15,2
0,10,1
50,10,5
61,0,4
28,0,4
53,0,5
37,83,5
51,0,4
32,0,4
61,10,4
0,0,2
32,3,4
49,1,4
28,4,3
21,2,4
32,10,4
55,7,4
39,1,3
40,0,3
0,5,3
32,0,2
39,3,3
0,3,2
0,10,2
0,10,1
23,0,3
0,0,2
27,0,2
50,1,5
54,2,3
24,24,3
29,5,4
0,3,1
47,7,5
47,3,4
23,0,3
19,5,2
0,1,1
0,0,2
0,14,2
38,4,2
29,0,3
36,0,5
0,5,2
20,0,2
0,6,1
0,1,1
0,0,1
30,25,3
57,2,2
26,2,4
20,4,2
30,0,3
45,0,3
20,0,2
19,0,2
0,6,1
46,3,4
48,0,3
34,5,3
40,0,5
45,2,2
0,0,1
32,35,3
49,0,4
34,0,5
53,1,4
0,0,1
44,8,4
22,2,2
37,0,2
29,1,3
42,3,3
45,0,4
22,3,3
34,0,4
34,1,4
43,5,4
24,10,3
0,0,1
44,10,2
67,0,4
0,5,2
60,0,3
32,0,4
36,0,5
38,20,1
25,0,3
50,0,4
0,0,1
24,0,3
24,0,2
0,0,2
21,0,3
22,0,2
25,4,3
0,2,1
38,8,4
92,7,1
52,2,5
0,0,2
27,0,3
46,0,3
0,1,1
23,1,2
31,1,3
63,6,3
59,6,5
74,10,5
0,1,2
48,1,2
33,3,5
27,2,3
19,0,2
0,0,3
0,0,2
35,1,5
0,2,1
0,1,1
0,0,2
73,0,5
22,4,4
61,0,3
0,0,1
0,0,2
59,3,5
31,0,4
39,12,4
0,1,2
62,1,5
19,12,1
36,17,4
60,2,4
0,1,2
0,0,3
20,0,2
0,0,1
23,0,3
38,10,3
0,2,2
64,5,3
34,1,5
26,0,1
44,0,4
0,60,2
26,0,2
0,2,1
0,0,1
53,0,5
36,5,5
33,0,3
23,1,2
41,20,4
31,0,2
0,0,2
60,2,5
38,3,4
46,7,1
20,0,3
33,11,2
50,5,3
21,0,4
25,0,4
32,20,4
0,8,2
0,1,2
0,0,1
19,12,1
0,10,2
20,0,2
30,7,3
55,5,4
45,3,4
0,4,2
45,0,2
21,0,2
47,2,4
21,1,2
35,0,3
34,0,4
32,0,4
0,1,1
0,3,1
51,0,4
48,30,3
70,0,5
29,15,4
0,2,2
38,0,5
49,0,2
20,0,2
58,20,2
23,0,4
57,4,4
0,3,2
0,4,3
40,0,4
22,4,3
29,7,4
21,40,2
19,1,2
19,0,2
30,0,5
65,5,3
24,3,5
57,2,5
68,0,5
48,7,1
35,1,3
67,2,4
27,1,3
23,10,3
0,0,1
0,0,2
47,4,3
0,0,2
24,1,2
46,2,4
45,0,3
76,5,5
41,24,4
65,20,4
0,3,2
55,2,3
51,2,4
46,10,5
50,0,5
41,3,2
46,15,4
30,2,3
48,0,2
19,0,1
0,4,2
22,2,3
63,40,2
57,7,3
46,2,5
38,12,5
50,21,4
85,10,4
59,20,4
35,10,3
32,2,5
0,1,2
43,1,3
0,7,2
43,2,3
66,16,4
35,2,2
0,4,1
20,12,2
0,0,1
40,1,3
0,0,2
27,5,4
62,0,5
0,0,1
65,0,5
44,3,2
0,5,2
46,0,4
56,1,4
34,7,5
0,0,2
48,0,3
59,10,4
21,0,2
0,1,2
58,0,5
57,70,1
36,10,4
62,1,5
51,5,3
21,1,3
0,3,3
19,4,2
42,0,4
39,0,3
0,0,1
42,1,2
0,0,1
35,4,4
32,2,3
29,4,2
21,5,3
31,2,3
68,5,4
32,4,5
40,7,4
30,0,5
39,0,5
23,14,4
19,0,3
0,6,2
0,0,1
0,3,1
41,15,4
68,0,5
22,4,5
55,0,5
61,0,5
48,1,4
46,4,3
20,2,3
33,0,4
49,3,3
50,0,4
45,3,4
56,7,5
46,10,4
22,0,4
25,20,3
30,0,4
49,0,4
20,10,2
20,4,4
21,0,3
57,7,4
55,0,4
27,3,5
27,1,4
0,1,1
42,3,2
55,11,4
45,1,3
54,2,3
24,2,3
34,30,4
25,5,2
0,24,2
56,1,4
27,7,3
26,1,5
27,10,4
43,0,4
0,4,1
47,30,4
30,1,4
37,1,4
50,10,4
0,1,2
61,1,4
0,2,2
46,0,4
43,0,5
65,3,3
44,3,2
22,10,3
26,10,4
46,1,4
37,2,3
23,0,3
40,25,5
36,0,3
48,2,4
24,3,3
53,3,4
44,10,4
50,4,4
35,3,3
0,5,1
46,3,3
65,1,4
23,0,2
45,1,3
0,3,2
21,2,4
0,0,1
30,10,2
0,0,3
59,0,3
0,1,1
59,1,4
0,2,2
44,0,5
47,0,3
29,3,2
0,7,1
38,0,5
24,2,4
63,0,4
26,3,2
27,5,2
71,12,5
57,15,4
49,1,1
44,1,3
43,20,2
37,2,4
31,5,2
27,0,3
35,1,4
29,7,4
29,0,3
22,20,3
47,3,3
0,2,1
23,0,3
34,1,4
52,10,3
45,1,3
20,31,2
47,2,4
45,20,4
49,0,5
0,6,1
41,0,5
0,2,1
0,1,1
47,1,5
54,0,3
43,1,2
24,7,4
59,3,4
55,0,4
21,5,3
35,0,2
61,10,3
37,3,5
61,0,5
21,10,3
19,5,2
34,1,2
43,3,5
37,0,4
0,0,4
71,15,2
35,50,3
20,0,3
27,0,3
34,3,4
23,0,2
56,0,4
25,3,3
0,0,1
0,0,1
55,0,4
37,14,2
23,1,1
41,0,3
42,0,2
37,5,3
26,1,4
0,0,1
22,1,2
53,1,3
22,1,3
46,18,3
22,10,2
19,2,3
19,9,3
22,7,2
54,5,4
26,7,3
0,30,1
34,0,1
43,0,3
26,8,3
30,1,2
24,1,3
25,0,3
23,10,3
56,0,1
41,5,4
0,7,1
28,0,3
56,2,3
0,0,1
39,0,3
20,2,2
59,0,3
32,0,3
30,35,4
24,0,3
0,3,3
0,0,2
56,3,5
24,5,3
36,9,3
30,0,3
22,1,3
28,15,5
24,1,3
30,7,1
21,30,2
52,1,3
21,0,2
29,0,4
28,0,3
31,0,3
0,3,3
35,0,3
32,10,3
25,0,3
0,3,2
22,4,2
25,14,3
50,0,3
40,4,3
56,0,3
36,0,3
36,0,4
34,2,2
50,0,3
34,0,5
34,15,3
32,0,2
0,0,1
19,1,2
0,42,1
31,0,4
0,0,2
27,1,4
20,0,3
0,0,1
20,1,3
37,4,3
25,0,3
73,1,3
37,0,4
0,0,2
22,0,3
25,20,3
64,4,2
23,0,3
55,0,3
56,0,4
47,1,4
47,4,3
41,10,3
22,3,3
36,1,4
56,8,5
29,0,3
23,0,3
21,1,4
36,0,2
20,0,1
24,0,3
25,24,3
37,0,4
46,2,5
38,12,3
59,0,4
46,1,3
0,8,2
24,0,4
0,1,1
37,6,3
61,1,2
46,5,2
25,1,4
20,1,2
24,15,4
65,0,3
54,14,3
26,25,1
26,2,4
47,0,4
28,0,4
19,40,2
31,1,2
30,7,4
20,0,3
57,30,5
22,10,3
41,1,4
23,5,3
40,3,5
67,20,4
19,0,1
58,0,3
0,0,3
23,6,4
32,5,3
26,1,3
20,21,3
62,10,3
21,1,3
21,0,2
34,0,3
38,5,4
40,0,2
24,0,5
60,0,4
20,4,2
0,5,1
0,1,1
33,2,4
48,14,3
27,3,2
87,0,3
24,2,2
0,12,3
60,7,3
29,7,4
21,0,4
26,2,3
26,24,1
47,14,3
34,0,2
21,3,3
0,5,1
28,1,2
31,2,5
47,0,4
34,0,4
23,54,3
30,5,2
0,0,2
0,2,1
21,8,2
33,5,3
53,7,5
40,18,3
43,1,2
64,4,3
21,0,3
45,4,5
26,1,1
44,2,5
41,0,5
0,0,2
57,0,5
21,10,3
66,0,3
23,1,3
0,6,2
32,2,3
35,5,3
28,3,3
67,0,4
0,10,2
43,0,1
29,48,2
35,1,3
35,0,3
60,0,3
25,0,2
35,2,4
27,1,5
22,1,2
32,0,4
0,0,1
53,3,4
52,10,5
0,0,1
0,1,1
44,1,3
20,3,2
32,2,4
26,3,4
48,3,2
69,5,5
64,10,4
39,10,3
25,24,3
23,90,3
51,20,4
61,0,4
22,1,3
0,7,2
54,0,3
29,14,4
30,1,1
38,15,3
45,12,3
49,3,4
0,2,2
19,5,2
38,40,5
45,10,4
69,5,5
34,2,4
47,6,5
0,0,1
0,35,1
41,0,3
28,0,2
51,0,4
30,0,4
22,0,2
21,12,2
40,14,3
24,3,2
56,2,5
25,2,3
50,5,4
55,28,4
33,0,4
23,1,2
51,2,2
62,15,3
34,1,3
21,0,2
33,0,3
0,0,1
45,5,4
53,0,2
52,4,5
40,0,4
67,1,4
20,5,3
50,7,3
49,0,2
41,7,4
65,25,3
45,5,2
21,10,3
20,0,2
19,0,1
48,0,3
25,0,3
0,2,2
0,1,1
24,14,4
27,1,4
64,14,4
49,0,4
45,6,4
35,10,5
50,0,4
55,0,3
26,2,3
0,0,1
62,0,5
77,20,5
49,0,2
21,1,3
0,3,2
48,4,4
45,15,5
61,0,5
30,0,3
57,0,5
59,2,5
66,4,5
41,8,1
63,0,5
25,3,3
0,2,1
22,2,3
57,26,5
36,3,4
31,5,5
46,1,2
64,1,2
41,0,2
37,0,4
21,3,3
56,7,3
63,6,3
65,1,4
0,0,1
41,1,4
55,0,4
38,5,5
32,0,4
36,0,1
63,12,4
0,1,1
58,3,5
44,40,3
70,55,4
26,10,3
42,14,4
42,0,3
78,2,4
19,3,2
0,2,1
39,3,5
21,0,3
40,18,4
42,0,2
35,9,3
25,3,3
25,2,4
32,1,3
0,21,1
45,7,5
21,0,4
20,0,1
61,15,2
44,4,5
50,10,3
24,3,3
35,8,4
45,0,2
25,3,4
66,15,5
36,10,3
25,4,2
22,0,4
23,2,4
30,0,4
56,3,3
53,0,5
55,0,5
0,1,2
30,0,4
40,6,4
26,0,2
44,0,2
26,0,4
41,10,5
30,6,3
22,2,2
21,1,3
21,30,4
29,0,3
53,0,5
47,3,3
35,1,5
0,1,2
0,0,2
20,0,2
63,2,4
43,10,4
55,48,5
66,15,4
0,3,2
50,0,3
0,14,1
31,5,3
52,1,4
0,12,3
49,0,5
35,2,3
0,3,2
62,7,1
23,2,5
0,3,2
0,0,2
27,14,2
43,20,4
70,0,2
30,0,4
28,4,5
22,0,3
29,0,5
0,0,2
20,0,2
26,5,3
24,0,3
46,4,3
21,3,3
37,18,3
0,0,1
50,0,4
42,35,4
0,4,2
27,35,2
56,2,3
0,4,1
66,20,4
75,6,4
52,15,3
56,14,5
54,2,5
24,20,1
38,0,4
37,5,4
0,0,1
20,1,2
33,0,2
51,10,5
0,0,2
46,0,3
64,10,2
50,0,3
33,2,4
34,30,4
39,1,3
61,4,3
0,5,2
0,0,2
43,0,3
42,2,4
32,3,4
28,0,3
57,10,3
0,0,2
23,4,4
39,0,2
30,5,5
0,12,2
19,0,2
63,1,4
0,0,1
42,0,4
25,0,3
38,0,4
34,0,4
41,5,4
0,4,2
67,1,3
38,1,1
47,0,4
35,17,4
26,7,3
34,0,5
32,3,4
26,3,4
43,2,4
30,1,4
51,0,5
20,25,3
31,3,3
39,0,3
60,1,4
56,0,1
25,25,3
46,0,2
30,20,3
57,0,4
21,1,2
49,10,3
20,0,2
42,1,4
0,3,1
44,0,4
64,0,4
32,0,1
45,10,4
22,0,3
58,0,4
50,0,5
0,0,1
28,0,4
34,3,3
21,0,2
25,1,4
60,0,5
53,10,5
29,30,4
45,20,4
40,3,4
23,20,4
32,7,4
59,23,3
0,10,1
0,0,2
22,2,3
43,0,4
19,3,3
0,0,2
0,0,2
22,0,2
37,2,4
46,1,2
40,0,4
26,2,4
26,0,4
37,0,5
26,4,3
24,2,4
28,0,4
31,1,4
70,2,3
47,7,4
0,0,1
27,0,3
47,5,1
54,2,3
29,0,3
25,10,3
66,6,4
35,2,3
29,1,2
35,2,5
41,6,4
73,2,5
26,0,2
0,1,1
32,50,3
54,0,3
0,1,1
62,6,5
21,0,3
0,0,2
41,0,4
57,4,4
47,10,5
33,1,3
23,10,3
31,5,3
61,1,5
21,0,2
0,0,2
24,0,4
33,0,3
55,7,3
51,2,4
24,0,3
19,0,2
25,1,1
0,2,1
26,20,2
39,0,4
61,70,3
35,10,1
63,2,5
39,8,1
33,5,4
20,2,3
41,0,2
53,10,4
25,30,3
47,0,4
39,21,4
43,1,5
47,0,3
38,2,2
55,5,5
32,2,3
37,0,2
68,1,3
0,2,2
0,0,1
21,7,3
0,1,2
20,0,2
58,0,2
0,0,1
0,0,2
19,0,2
19,0,2
34,0,3
31,5,3
44,1,4
57,0,3
25,4,4
31,6,3
0,1,1
24,0,2
34,5,4
0,8,1
65,8,5
33,2,4
20,2,3
35,2,3
0,0,2
39,4,3
44,12,2
19,4,2
33,2,4
48,10,4
38,3,4
38,0,5
0,0,2
43,0,3
35,3,4
24,0,2
52,10,2
25,24,3
59,15,3
25,6,3
34,30,4
34,0,1
72,1,5
30,4,4
45,0,2
20,0,3
59,0,4
25,8,3
21,0,3
24,3,4
0,0,2
43,50,4
29,2,3
70,0,5
21,2,2
25,0,3
43,2,4
39,4,5
19,0,2
48,0,4
39,2,3
49,0,2
29,1,3
28,0,4
0,1,1
0,0,1
59,1,2
56,0,3
28,1,4
21,0,3
51,30,3
35,4,4
32,12,4
40,4,2
24,3,3
20,6,2
55,0,4
40,1,2
67,8,5
37,0,4
39,20,4
30,0,4
55,5,2
45,0,4
31,1,1
19,0,2
0,0,2
34,1,1
21,1,3
20,0,4
0,0,2
76,0,3
36,2,4
29,12,3
39,36,4
21,0,2
25,0,4
20,3,2
23,3,4
36,6,3
69,40,2
0,2,1
30,8,2
52,0,4
47,4,5
26,15,2
24,10,4
32,10,4
40,0,1
30,0,4
23,2,4
27,4,5
29,20,2
23,0,2
26,0,3
64,1,5
33,2,3
37,0,2
23,20,4
30,0,3
38,6,3
23,25,3
19,3,3
66,3,4
33,28,3
45,10,2
0,0,2
40,0,3
31,0,4
25,0,4
33,6,4
32,0,5
26,0,4
31,0,3
38,0,4
25,1,3
26,2,4
31,24,4
21,1,2
52,15,3
24,3,3
22,0,3
0,0,1
0,14,2
59,2,3
26,3,5
0,1,2
22,1,4
30,10,4
24,5,2
20,0,2
24,18,4
20,2,2
27,0,2
20,6,2
35,4,5
20,45,2
26,4,3
52,0,4
23,2,1
73,0,5
50,0,5
42,4,2
21,5,2
63,2,5
41,1,3
28,1,2
22,0,4
48,2,3
24,0,4
60,3,5
23,2,4
22,6,2
0,1,1
0,3,1
40,7,4
23,1,3
50,2,3
61,6,4
42,2,3
29,2,3
0,3,2
40,6,3
56,0,5
20,9,2
29,0,4
0,2,2
31,10,4
59,1,3
30,0,3
40,1,1
33,0,2
31,0,4
0,6,1
0,4,1
0,1,3
0,0,1
40,20,3
28,0,4
27,0,3
28,14,4
21,1,3
21,2,3
70,0,3
0,0,2
0,90,1
39,3,4
38,1,4
30,20,4
43,12,2
53,0,2
28,1,4
0,2,1
21,0,3
19,7,1
0,0,1
29,0,3
19,8,2
30,0,4
51,20,5
0,0,1
50,0,3
19,0,2
48,0,4
0,2,1
66,0,4
48,12,4
24,5,3
33,1,4
21,0,3
63,0,4
21,48,3
30,0,3
27,20,5
23,15,4
42,0,2
31,2,4
76,1,4
19,0,3
50,16,2
37,0,4
53,15,5
0,0,3
0,24,2
25,5,5
26,0,4
34,3,3
38,0,2
56,20,5
0,16,1
0,20,1
19,50,3
20,10,3
0,1,2
27,0,4
53,1,3
53,2,5
0,7,2
0,0,2
37,1,4
59,10,1
27,5,5
50,20,2
0,3,1
33,1,3
35,0,5
38,8,2
40,21,4
0,1,2
0,0,1
0,6,2
34,0,4
31,3,3
20,30,2
30,29,3
32,2,4
33,14,4
23,1,4
62,12,3
30,1,3
52,0,5
31,0,4
50,2,2
0,0,2
33,0,4
34,20,5
0,0,2
22,0,3
0,0,2
19,0,2
46,7,3
61,2,2
19,0,2
31,1,4
33,3,3
51,2,1
47,8,3
0,4,1
26,1,4
0,80,1
38,30,2
64,10,4
40,0,2
0,7,2
19,0,2
56,5,3
53,10,4
0,0,1
0,0,2
36,3,3
0,72,1
32,30,2
0,0,2
48,5,3
37,0,2
34,0,3
75,14,4
21,1,2
0,22,2
33,0,4
58,0,4
0,0,1
21,0,3
57,8,4
23,30,2
29,0,4
24,2,4
37,3,4
49,1,3
0,17,2
27,7,4
0,1,2
43,7,4
61,20,3
67,0,3
32,0,5
64,0,2
26,0,3
35,5,4
21,2,3
20,4,2
34,8,1
31,0,3
0,4,1
43,2,3
0,0,2
22,0,3
44,10,5
0,3,1
47,0,3
0,3,1
22,0,3
25,10,4
43,0,4
43,5,2
28,2,5
21,12,3
27,0,4
33,0,4
21,20,2
24,2,3
23,0,3
34,0,3
19,5,3
40,0,3
40,20,2
36,0,5
37,6,2
0,18,2
26,2,4
35,0,2
23,5,3
37,10,4
23,10,3
58,1,4
0,0,1
35,16,3
0,10,1
63,0,2
23,5,1
0,3,1
25,1,2
60,7,4
0,5,1
65,0,4
64,0,3
38,5,3
26,8,4
42,10,4
49,1,5
26,0,5
30,14,4
0,0,1
27,2,4
41,20,5
55,45,4
0,5,1
0,0,1
38,20,4
20,0,2
25,0,1
44,12,4
23,0,4
50,14,4
72,20,5
0,4,2
46,4,5
36,0,1
26,0,2
29,5,3
22,0,2
50,1,5
41,12,4
65,5,4
0,0,2
55,10,3
0,0,2
0,0,2
45,1,1
23,0,3
23,5,3
46,0,2
66,4,4
53,0,3
47,7,3
0,3,2
30,0,3
57,3,5
33,12,4
26,0,3
0,0,2
20,20,1
63,20,2
53,4,5
47,15,3
24,5,3
45,0,4
0,14,2
70,0,3
34,2,3
27,1,4
56,15,1
38,0,2
22,15,2
32,0,3
51,2,2
31,0,3
42,0,2
25,0,2
27,2,3
40,2,2
82,1,2
64,2,3
0,0,2
25,1,3
24,8,2
48,7,3
25,8,3
46,4,5
22,1,3
0,3,1
0,6,2
25,8,4
29,4,2
100,0,5
23,18,3
44,0,4
22,0,3
40,0,5
52,2,5
45,2,5
47,10,5
20,0,2
19,7,2
23,2,3
21,1,2
0,0,1
20,0,3
43,6,3
22,0,3
62,3,4
34,1,3
25,2,3
32,36,2
39,0,5
0,1,3
30,0,4
35,3,3
0,0,1
29,10,2
0,2,2
20,9,2
23,0,2
40,3,4
87,0,2
27,13,2
0,1,2
54,2,3
35,0,3
44,0,4
47,1,4
33,0,3
24,0,2
30,6,3
40,12,4
26,8,4
23,12,2
56,0,4
23,2,4
25,2,3
19,5,3
32,2,3
44,5,4
28,2,3
52,20,4
23,6,3
69,4,3
0,0,2
19,21,2
26,1,2
57,2,5
21,16,2
22,0,3
0,0,1
0,2,1
37,4,4
20,7,3
43,1,5
23,4,2
0,0,2
45,2,5
0,6,2
0,15,1
22,5,3
74,0,2
37,1,3
26,2,3
0,0,2
35,1,3
44,0,4
0,6,2
0,0,2
61,0,5
21,3,3
27,0,3
0,0,1
38,1,5
41,0,4
42,0,5
22,0,3
35,2,3
32,2,4
41,6,3
19,1,2
0,5,3
40,14,3
30,0,4
30,27,2
44,4,2
40,35,2
49,6,1
56,0,3
71,15,4
24,4,4
46,5,5
43,0,4
56,20,3
49,0,2
42,5,5
39,0,5
0,1,1
20,1,2
21,5,3
0,0,1
27,20,2
0,1,1
34,0,3
46,0,2
31,10,4
65,18,5
57,1,4
0,14,2
30,2,4
43,0,4
42,4,5
24,5,3
45,1,4
23,20,3
31,2,3
31,15,3
0,0,2
39,5,1
26,10,3
25,10,4
25,8,3
25,4,3
36,50,3
28,2,4
56,7,2
41,4,4
78,8,5
39,0,3
33,0,4
35,3,4
39,0,3
43,1,5
22,1,3
38,0,2
24,4,1
36,5,2
21,0,2
39,0,5
0,8,3
0,3,2
0,0,3
0,0,1
32,3,1
34,2,3
44,6,3
43,0,5
28,0,2
19,3,2
50,20,3
23,0,4
0,1,1
0,0,2
74,0,3
0,2,1
41,35,2
46,0,4
26,8,4
50,14,5
33,4,5
34,7,4
21,10,2
38,20,5
37,3,3
29,20,3
56,0,4
0,2,4
28,0,4
19,12,2
33,0,3
30,0,3
63,0,5
0,9,1
0,2,1
0,0,1
36,12,4
0,8,1
20,3,3
21,2,3
19,1,2
36,0,5
24,0,4
0,4,2
57,8,5
46,15,4
38,0,4
46,0,3
23,1,4
32,10,3
33,10,5
21,1,3
20,7,2
24,50,3
0,5,2
53,0,4
68,10,4
64,0,3
23,1,3
31,5,4
0,0,2
19,0,2
25,0,5
19,0,2
43,0,5
37,0,2
52,10,3
0,0,1
0,0,2
30,2,3
22,1,2
37,0,3
34,2,4
33,4,4
0,2,1
27,0,1
0,6,2
23,0,2
27,30,2
0,7,2
30,3,4
0,2,2
0,12,2
38,0,4
25,1,3
55,7,3
0,4,1
31,15,4
27,20,4
53,20,3
49,10,4
53,3,4
53,4,5
45,2,3
57,2,3
39,6,4
33,2,4
32,0,2
33,3,4
0,0,2
27,4,4
0,2,2
48,15,4
78,2,3
21,4,2
36,7,5
26,2,4
30,3,2
0,0,2
0,0,2
52,2,1
61,10,4
23,10,4
25,1,4
34,1,2
23,1,3
44,0,5
32,1,2
48,20,5
36,10,2
0,15,1
43,0,2
24,15,4
39,0,4
0,1,1
65,0,3
33,1,3
30,0,5
46,15,4
56,0,3
59,5,3
59,14,3
36,14,3
21,0,3
44,7,4
25,0,2
0,12,1
38,2,4
48,3,4
56,2,4
19,2,2
0,0,2
42,30,4
31,1,4
45,3,5
26,7,2
63,1,5
34,0,4
0,0,2
0,9,2
23,10,3
21,5,3
0,1,2
34,0,4
19,6,2
43,4,4
22,7,3
50,1,2
0,3,1
63,7,5
22,1,3
52,7,4
70,15,3
37,0,3
26,15,3
22,0,3
22,20,3
0,0,2
21,3,3
69,40,5
33,0,3
22,3,2
29,10,4
50,30,2
0,1,2
34,2,3
47,0,4
23,30,3
20,6,2
33,0,4
0,1,1
19,2,2
33,5,2
25,4,3
29,5,4
31,5,3
43,0,4
27,13,2
30,0,1
36,0,3
40,5,2
37,30,3
38,1,3
21,0,2
23,5,2
25,0,3
0,1,2
32,56,3
22,0,3
0,0,2
0,0,2
21,24,2
0,10,2
21,0,3
24,3,3
21,20,3
31,0,4
29,1,5
42,3,5
0,35,1
80,0,5
26,10,3
32,0,5
19,2,3
34,0,2
57,4,4
40,9,3
41,0,2
35,30,4
25,0,4
32,0,4
0,2,2
50,1,3
22,0,3
29,20,3
25,1,3
59,0,4
29,1,3
30,0,5
45,0,5
55,21,2
0,0,1
0,0,1
53,3,3
0,0,2
0,0,4
47,10,4
30,3,2
54,0,5
29,0,2
47,2,3
30,12,4
46,0,4
66,1,4
28,0,3
52,1,4
0,8,2
38,0,5
38,0,2
34,0,3
0,0,2
30,10,3
25,3,2
62,2,3
21,0,2
25,1,2
0,2,2
45,3,3
29,2,3
31,0,5
22,24,3
40,2,3
57,1,3
41,10,2
48,8,4
33,5,4
29,2,4
23,0,2
26,5,5
67,40,3
72,20,4
26,1,4
0,0,2
67,10,4
30,3,4
25,0,3
46,2,3
54,0,4
20,4,2
32,2,2
60,1,3
49,15,3
52,20,5
33,0,5
26,1,3
52,15,4
53,1,4
61,5,4
40,0,4
0,80,2
44,0,2
0,9,2
20,0,2
21,10,2
0,50,1
27,20,3
65,0,3
27,7,3
42,20,3
28,6,5
37,5,1
31,0,5
23,0,3
65,0,2
68,0,4
0,2,1
35,3,3
56,2,4
40,0,4
40,3,4
56,20,4
24,7,3
37,10,3
33,0,5
0,5,1
33,6,5
49,4,3
0,0,1
57,3,5
56,0,4
65,5,5
0,30,3
31,0,2
71,25,2
50,4,3
28,0,2
0,0,1
23,10,3
23,0,3
0,0,1
25,0,3
0,30,1
0,3,1
0,1,2
35,0,3
61,0,3
0,3,2
19,2,2
19,3,2
0,1,2
25,3,3
28,1,3
51,5,3
45,3,2
42,30,3
51,0,4
26,4,3
0,40,3
48,4,4
36,1,4
32,1,2
0,2,2
22,2,3
0,1,1
22,0,3
0,2,1
27,2,4
40,5,4
19,10,2
44,5,3
28,3,4
20,10,4
50,20,2
24,1,3
0,1,1
24,10,3
30,3,3
65,0,4
49,0,3
32,28,3
27,1,4
24,7,5
0,0,2
57,6,2
0,5,2
46,3,4
37,0,4
30,20,4
24,50,3
45,0,4
39,10,5
23,2,2
33,8,3
74,10,4
28,14,4
78,1,2
50,0,2
60,4,3
30,2,5
35,2,4
32,0,3
23,5,3
63,20,4
32,10,5
0,0,2
38,5,4
19,1,2
23,1,3
62,7,5
0,2,2
20,5,2
39,0,4
19,8,1
28,0,3
40,0,3
47,2,2
19,1,2
0,15,1
57,10,2
0,1,1
58,35,4
20,0,3
21,14,3
34,3,2
58,4,3
33,10,4
46,2,4
30,14,4
64,15,4
0,4,2
47,10,4
35,3,5
20,0,2
25,2,2
34,3,5
48,0,3
26,4,4
23,0,2
0,1,1
31,0,5
0,5,2
38,0,1
47,0,3
22,3,3
26,0,4
45,15,4
24,5,2
79,10,4
31,3,4
42,1,4
30,10,2
56,12,4
20,0,2
35,5,3
33,7,4
24,0,2
25,0,4
34,2,4
27,5,4
0,0,2
0,0,2
50,5,3
27,0,4
0,4,1
23,0,3
32,2,5
0,6,2
58,30,4
52,4,4
42,2,3
0,0,1
19,5,3
32,0,3
31,0,2
21,1,3
24,7,4
0,0,2
24,2,2
0,4,2
65,18,3
69,0,2
23,0,4
31,4,3
36,1,4
29,4,3
32,2,4
71,9,4
42,14,4
23,0,5
19,4,2
46,0,4
63,2,5
24,1,3
36,1,3
21,0,2
66,20,2
23,1,3
49,0,3
46,4,4
22,1,2
55,7,4
66,20,3
51,3,4
25,0,4
30,7,3
21,0,3
25,10,2
64,4,5
33,15,4
44,1,4
30,30,3
31,3,4
42,3,5
32,15,4
59,0,2
0,0,1
35,0,4
0,5,2
0,0,3
56,1,1
29,2,3
27,7,3
22,0,2
37,20,5
27,1,4
31,1,2
85,10,4
0,0,2
0,0,1
20,0,4
39,20,5
23,10,5
46,18,1
20,0,3
0,12,2
0,0,1
23,24,4
41,0,4
47,2,3
25,10,3
61,0,1
60,5,4
36,5,4
19,7,2
22,3,2
61,1,3
0,5,2
44,0,5
64,0,5
0,1,2
44,0,2
32,15,3
49,0,4
0,15,2
0,4,1
47,7,4
37,0,4
29,0,2
0,0,1
20,0,2
0,2,2
42,0,3
20,5,2
73,15,4
43,1,3
31,2,4
21,3,2
32,1,4
37,15,3
51,0,3
19,0,2
65,50,4
23,5,2
25,0,2
38,0,2
21,2,4
37,1,3
29,4,5
0,2,2
36,0,3
0,14,2
21,15,3
81,10,1
25,2,3
31,0,4
0,2,2
26,0,4
42,5,2
22,1,3
20,1,2
30,20,4
41,0,3
82,20,4
60,30,4
20,1,2
66,3,3
47,7,4
59,0,4
26,12,4
24,15,4
23,5,4
76,0,2
53,2,4
25,14,2
0,21,2
0,1,1
47,10,4
0,1,1
29,10,3
30,3,4
0,2,3
26,5,3
34,0,3
44,1,2
25,7,3
34,2,3
72,0,5
47,0,4
25,0,2
27,0,3
23,3,2
31,0,3
47,5,5
40,0,5
33,6,3
43,1,4
0,1,1
37,2,4
58,28,3
34,1,2
23,30,3
47,0,3
25,0,4
19,5,2
70,0,4
0,2,2
21,6,2
39,1,4
21,0,3
27,0,3
64,20,4
40,0,4
0,5,2
0,2,2
55,2,3
63,10,4
52,6,3
60,7,3
27,10,3
26,0,4
70,20,4
24,24,4
27,5,4
36,1,4
23,5,3
26,3,3
55,28,4
0,20,1
23,7,3
30,2,5
32,5,4
22,7,2
30,6,4
63,20,2
47,12,3
0,0,2
31,0,4
67,35,4
19,2,2
48,2,4
22,3,3
27,3,3
43,2,2
21,1,3
64,2,3
71,7,4
0,2,1
19,5,2
58,3,4
29,0,4
53,3,5
29,4,4
33,1,3
69,35,3
27,18,2
33,3,4
44,15,4
0,10,2
22,0,3
23,0,5
52,24,5
46,0,2
26,0,3
23,1,4
40,20,3
45,15,3
49,14,4
64,0,3
52,10,4
57,40,5
60,10,3
28,2,4
34,7,5
52,7,3
0,0,2
35,1,4
70,0,5
47,0,4
57,1,5
27,0,4
32,50,2
35,4,4
30,0,4
72,8,4
24,0,4
26,2,3
26,0,3
38,2,3
29,2,4
42,10,2
37,15,3
46,0,5
23,0,4
0,4,1
46,2,4
28,0,5
41,0,4
39,0,5
42,1,4
37,40,3
37,6,4
41,5,5
19,0,2
23,0,4
23,1,4
24,15,2
24,2,3
26,4,3
61,2,2
50,14,4
30,0,2
26,3,3
23,8,3
63,1,4
55,7,4
64,40,4
20,8,1
29,3,4
28,0,2
20,5,3
0,0,2
29,0,4
64,7,5
43,15,4
23,0,2
83,5,5
22,24,2
24,7,3
28,1,3
24,30,3
64,10,1
0,0,2
22,0,3
29,5,4
25,0,3
28,4,4
41,40,1
19,0,3
0,1,2
54,4,3
29,10,3
21,0,3
0,7,1
66,8,4
26,0,4
42,3,4
59,12,4
25,0,3
41,0,3
47,0,4
44,25,1
31,15,3
50,0,4
64,23,2
19,4,2
45,4,4
66,0,3
56,28,2
24,4,2
27,2,4
64,0,3
27,3,4
20,10,2
27,6,3
76,20,4
63,7,2
0,30,1
0,24,1
21,15,3
43,6,4
59,0,4
29,5,3
56,0,5
42,30,4
21,0,2
21,2,3
70,30,4
47,4,5
23,15,4
25,0,3
24,5,3
49,10,4
28,1,4
21,1,2
65,0,3
21,35,3
20,20,3
21,3,3
30,30,3
64,2,4
26,8,4
22,20,2
40,2,2
53,0,3
39,0,5
35,10,3
23,0,4
23,0,3
44,15,4
58,10,5
39,2,4
33,3,4
35,20,3
60,5,5
32,3,3
33,0,5
23,5,3
56,0,2
58,10,5
68,20,4
59,5,3
19,3,2
34,2,4
55,10,5
45,35,4
0,0,2
32,15,4
0,1,2
34,1,4
42,28,3
50,15,4
40,2,5
36,1,4
44,45,2
41,1,5
28,2,3
47,2,4
51,4,3
21,8,3
53,0,3
42,14,4
0,5,1
50,0,3
74,0,5
24,3,4
0,0,2
29,0,3
44,3,4
19,2,2
40,3,4
45,0,5
26,1,3
20,0,2
35,4,4
48,0,3
35,30,4
55,14,2
19,0,2
25,0,3
19,4,2
20,0,2
26,1,4
75,20,4
0,5,2
49,5,5
0,0,2
38,20,4
28,7,5
29,3,3
45,3,3
19,10,2
53,3,3
66,7,3
55,0,5
0,2,2
58,14,5
55,10,3
50,2,1
50,1,4
24,0,4
33,0,3
42,0,3
25,0,3
20,0,3
52,1,2
68,0,5
37,0,3
41,10,4
45,15,4
27,0,3
0,7,2
30,0,4
22,14,3
24,1,2
32,45,2
35,7,2
68,3,3
30,20,4
0,0,3
42,0,4
24,1,4
36,3,3
48,1,4
19,4,3
24,0,2
25,15,4
33,1,4
28,18,4
21,5,2
19,5,2
31,1,4
0,0,1
50,5,4
26,4,4
56,40,4
34,20,4
63,0,5
67,1,5
63,55,5
42,12,4
78,10,4
40,4,4
25,20,2
60,10,3
24,10,2
42,0,3
0,0,1
20,20,2
34,30,4
23,1,3
0,0,1
22,70,2
21,20,2
37,0,4
0,10,2
41,1,3
25,14,3
47,3,3
48,0,4
24,3,1
65,10,3
29,7,5
57,0,2
55,7,4
44,3,3
48,10,5
61,0,4
53,0,2
50,7,2
54,4,4
23,0,3
79,20,5
30,0,3
22,35,4
49,5,4
23,2,3
29,1,2
22,9,3
26,10,4
23,2,4
0,1,1
51,3,4
40,20,3
60,0,4
28,1,2
27,2,3
31,40,3
20,0,3
49,5,5
47,3,3
46,15,5
24,5,3
39,15,4
35,2,3
0,0,2
40,20,2
49,0,4
23,0,3
25,10,2
25,3,3
34,5,5
34,10,4
55,11,3
31,6,4
69,8,5
24,10,3
46,5,5
23,10,4
27,1,5
38,41,4
29,1,4
27,3,4
26,0,4
60,60,4
35,15,3
20,15,4
62,6,5
31,0,4
28,3,4
19,0,3
0,2,1
0,0,2
32,0,3
68,25,3
34,7,4
29,28,5
30,5,5
29,3,4
31,1,4
38,1,3
52,28,1
44,8,3
0,12,1
31,4,3
31,8,4
32,1,4
0,7,3
25,4,3
0,0,1
60,50,5
34,4,4
29,1,3
26,0,2
56,1,3
31,5,4
46,6,5
29,1,3
33,1,4
49,10,4
25,10,4
51,2,4
50,10,4
28,1,4
21,15,2
0,8,1
49,5,4
54,1,4
33,0,3
51,10,4
57,15,5
40,1,3
48,3,4
0,0,2
65,0,5
50,16,1
23,10,4
21,2,2
30,10,3
71,1,4
25,2,4
20,10,2
0,0,1
0,28,2
29,6,4
19,5,2
19,0,2
20,1,1
58,1,3
29,30,3
21,2,3
33,2,3
35,0,3
34,1,2
21,10,2
0,0,1
0,10,2
41,8,2
26,4,4
69,40,3
23,1,4
30,0,3
31,20,2
44,15,2
27,15,2
21,1,3
19,0,2
49,0,3
23,1,4
47,0,4
48,14,1
30,8,4
42,5,4
44,2,4
27,10,3
0,0,2
32,28,4
24,0,4
0,3,1
33,5,5
25,0,3
47,10,5
19,5,3
68,3,4
30,0,4
50,5,3
71,3,4
28,25,3
30,2,3
20,1,2
40,0,5
65,8,2
50,25,4
26,1,4
35,5,3
23,2,3
26,0,3
70,5,4
20,3,2
19,1,2
46,1,4
26,0,3
33,2,4
31,1,3
29,1,4
19,1,3
20,0,1
60,0,3
60,30,5
38,0,5
61,20,4
57,20,3
68,0,4
0,20,1
30,5,4
55,5,3
21,2,2
24,1,3
70,4,3
31,0,4
26,10,3
20,40,2
0,0,1
43,1,4
47,0,4
25,8,3
39,2,2
26,3,4
33,0,3
59,2,4
60,15,4
0,12,1
0,1,2
26,10,4
40,7,4
55,20,4
0,5,1
49,0,4
43,5,3
55,0,3
48,3,4
48,12,3
58,30,5
37,2,5
30,2,4
21,24,3
26,5,3
34,6,3
53,5,5
20,0,2
41,1,5
65,0,3
0,6,2
40,20,4
54,21,4
30,25,3
37,10,4
22,0,3
58,1,5
0,0,1
54,3,5
26,1,3
19,20,2
25,0,2
45,0,5
26,5,4
52,40,5
44,28,2
0,2,2
22,8,3
30,0,3
30,6,3
55,30,5
31,40,2
31,1,5
0,15,2
21,3,3
24,0,4
51,10,2
22,3,4
37,0,3
28,45,2
22,2,2
55,2,5
29,4,4
23,4,3
20,0,3
46,0,4
22,2,2
39,2,5
38,2,5
55,10,4
38,0,2
46,40,2
57,15,4
53,3,1
33,0,3
47,1,4
0,0,2
25,0,3
50,3,4
43,1,4
70,6,5
66,2,3
76,20,3
34,36,4
33,4,3
45,0,3
0,5,2
57,10,2
26,0,4
20,3,2
0,0,2
0,15,2
0,0,1
42,0,3
29,5,2
27,1,2
34,3,2
37,2,4
0,0,2
0,0,2
21,1,3
59,0,2
25,0,2
0,0,2
63,30,4
38,0,3
39,0,3
21,8,2
58,4,5
48,4,4
35,3,4
0,0,1
58,1,4
49,5,2
62,30,5
26,3,3
32,7,5
43,0,4
38,7,4
56,14,1
48,10,4
28,5,4
32,7,3
0,1,1
24,3,3
29,30,4
25,1,3
31,30,5
45,0,3
30,2,1
42,1,5
29,2,3
25,4,3
0,18,2
27,8,3
34,30,4
51,15,3
22,38,3
25,2,3
31,3,2
50,20,4
0,1,1
58,8,4
31,0,3
26,1,3
46,3,3
29,0,4
46,2,4
55,1,2
65,8,4
56,2,3
21,4,2
22,30,3
23,0,4
50,6,1
20,4,4
44,15,4
63,2,4
54,1,3
23,1,3
0,6,2
36,10,4
0,0,1
27,2,4
0,0,1
60,10,5
50,7,4
39,20,3
45,7,4
27,2,4
32,20,5
45,24,5
31,8,4
41,7,4
32,7,3
22,30,4
19,0,3
46,2,2
21,0,2
48,7,3
24,7,2
66,20,4
49,7,4
38,7,3
50,0,4
28,5,3
50,8,5
51,3,4
32,2,3
24,0,4
34,7,5
27,0,3
40,28,4
23,7,4
40,3,4
23,50,3
41,30,5
25,2,2
22,1,3
0,0,2
52,35,2
69,0,4
58,4,4
24,0,2
0,1,1
60,7,5
21,50,3
35,20,4
55,5,5
0,0,2
60,2,3
37,0,3
68,35,1
21,2,2
24,3,3
27,0,3
0,16,1
44,20,5
0,22,1
26,10,2
0,6,1
27,3,3
23,0,2
0,5,2
46,3,3
30,15,3
0,6,1
50,5,3
23,20,3
30,3,3
55,5,3
0,23,1
57,15,3
0,6,1
69,5,4
40,0,4
25,12,4
39,10,4
23,0,3
0,70,2
52,0,2
29,7,4
0,0,1
22,0,3
43,40,3
35,11,3
53,0,3
21,36,3
56,2,3
22,2,3
22,7,3
38,2,2
70,4,4
36,0,4
26,2,3
66,3,4
64,1,3
21,1,2
26,10,4
20,0,2
19,2,2
45,0,2
58,2,3
0,0,2
21,2,3
62,1,4
25,7,2
0,0,1
36,2,4
23,36,1
23,2,3
30,20,4
26,10,3
64,0,5
60,0,4
26,0,4
56,3,3
28,10,3
30,2,2
32,2,3
24,0,2
0,1,3
25,35,3
21,6,2
62,3,3
19,1,2
20,0,2
0,2,1
0,0,1
38,6,3
60,0,2
42,2,2
22,10,4
0,2,2
48,0,4
26,1,4
0,7,2
60,0,3
34,3,3
36,10,3
19,1,2
0,2,2
19,0,2
19,1,3
50,0,5
41,4,5
55,15,3
43,1,4
49,5,4
35,10,4
28,14,3
41,1,4
31,0,5
26,0,3
0,35,2
53,0,5
56,50,3
36,5,3
62,0,3
0,4,1
43,0,2
39,2,3
47,0,3
31,0,3
63,4,4
53,0,4
47,10,5
36,35,2
22,1,3
23,0,3
22,1,4
0,0,3
36,7,3
28,21,2
28,15,4
48,12,3
0,6,2
25,20,3
21,42,3
56,0,5
32,0,3
29,3,3
25,14,4
71,2,5
24,0,2
39,3,3
52,4,3
50,2,1
0,0,2
31,1,4
0,0,1
0,2,3
49,20,3
21,5,2
32,15,4
23,0,3
27,4,3
31,3,4
21,8,2
57,10,3
68,0,4
21,1,3
28,8,3
41,40,3
21,15,2
41,0,4
0,3,1
52,0,2
29,3,5
19,10,2
26,28,4
26,0,4
0,2,2
42,1,4
0,0,2
0,17,1
33,0,4
48,0,3
0,4,1
38,16,3
0,1,3
0,80,1
30,20,4
30,3,4
0,1,1
57,3,3
38,10,2
20,3,3
58,0,4
57,1,3
29,1,3
19,0,2
25,0,4
0,8,2
22,3,3
0,6,2
25,0,4
20,30,2
23,1,4
33,15,4
28,5,3
59,8,4
24,0,3
27,10,4
0,0,1
46,1,3
25,1,3
54,10,3
19,6,2
64,1,3
24,2,4
23,4,2
29,3,2
28,0,4
40,0,3
30,5,4
0,2,2
38,1,3
20,0,2
0,35,2
21,0,3
30,0,4
44,7,3
22,1,3
47,6,3
38,7,4
0,0,1
21,2,2
29,5,3
35,40,3
0,7,2
24,1,4
22,20,4
34,2,4
25,0,1
54,2,3
35,0,4
19,45,2
23,15,3
0,3,1
31,3,3
32,6,3
27,0,5
44,4,4
31,3,3
58,6,3
28,7,3
56,30,3
19,6,2
66,1,3
28,7,3
35,0,2
23,25,2
0,6,1
49,0,2
44,10,3
50,15,5
19,7,2
33,0,3
22,3,3
26,3,3
46,0,3
0,0,2
51,18,3
48,10,3
54,5,4
26,8,3
29,3,4
58,20,4
31,3,4
20,0,2
40,10,5
33,30,3
60,5,2
19,10,3
25,21,3
21,5,2
33,0,4
25,0,2
38,5,4
0,0,1
34,7,4
43,5,4
25,0,2
26,0,3
29,0,2
0,0,3
70,10,3
43,5,4
19,6,2
47,36,5
26,4,3
46,3,2
21,5,2
38,4,2
42,27,5
31,0,3
34,2,2
56,70,3
54,2,3
40,1,3
24,0,2
36,0,4
55,2,5
25,2,2
23,5,3
32,30,2
50,21,3
47,15,5
23,0,2
54,0,2
32,2,4
32,0,3
26,0,2
63,10,4
47,6,4
0,0,1
34,2,3
23,10,3
0,1,2
52,15,4
60,0,5
20,1,2
45,0,3
0,5,1
0,2,3
25,20,4
21,0,2
54,28,4
57,15,4
0,1,1
20,10,3
50,40,5
37,8,4
30,1,2
45,0,4
30,5,5
25,1,3
0,2,2
66,0,3
22,5,2
19,4,2
27,5,2
43,5,4
28,1,3
0,1,2
21,30,3
0,8,2
19,0,2
0,1,3
42,15,4
42,50,4
19,0,3
29,1,4
35,4,3
21,12,2
25,2,3
24,2,2
24,6,2
35,3,4
28,0,3
57,0,4
21,8,2
56,2,3
56,15,3
43,10,4
0,0,1
0,2,2
21,48,2
46,0,3
60,0,3
36,30,3
19,30,3
34,20,4
23,48,3
29,0,3
0,1,2
0,10,2
0,3,2
19,0,2
0,3,2
0,3,1
19,10,2
49,0,4
22,1,3
28,3,4
24,1,3
0,3,3
0,2,3
22,0,3
25,15,3
52,5,3
39,0,3
49,20,3
35,12,3
0,17,2
25,14,2
31,0,2
25,0,3
44,42,3
36,10,4
0,0,2
33,1,2
28,50,2
46,0,3
0,6,2
26,1,3
35,10,3
22,0,3
25,3,4
31,0,2
0,0,1
41,14,5
55,24,3
41,5,3
57,0,3
21,21,2
36,1,3
32,12,5
24,12,3
0,24,1
57,0,5
22,10,3
45,7,5
45,10,3
31,3,4
56,5,4
36,0,2
34,0,3
0,0,2
19,0,2
24,0,2
22,10,4
80,40,4
58,40,5
43,3,4
34,5,3
22,1,3
22,14,2
32,5,3
51,1,2
40,24,2
0,2,2
21,0,3
24,2,3
0,0,1
63,8,5
36,5,4
68,4,5
30,4,3
0,0,2
0,0,2
47,1,4
69,35,4
19,1,2
57,5,5
0,0,2
64,3,2
63,40,3
0,9,1
36,20,3
40,10,3
0,14,1
20,7,3
44,3,3
32,1,4
20,0,2
36,10,2
29,5,4
52,8,3
28,0,4
0,21,2
27,10,3
19,10,2
30,14,3
0,6,1
70,0,4
36,6,5
19,10,2
32,14,4
49,3,5
45,24,4
37,10,3
28,0,2
37,0,5
35,12,5
27,4,2
31,10,4
41,2,4
48,7,5
23,3,2
24,0,3
0,7,2
24,10,3
33,12,1
55,28,4
50,0,5
20,0,2
33,60,2
21,3,2
54,2,3
20,25,2
28,20,4
27,0,4
43,35,3
31,0,4
24,24,3
62,2,4
19,15,2
47,0,3
53,70,3
24,10,3
22,4,2
50,10,5
29,1,2
0,8,1
53,7,4
25,3,2
30,7,5
26,1,3
28,5,4
25,0,4
51,42,4
49,20,4
42,30,3
47,0,4
36,21,3
41,5,2
0,0,2
29,2,4
24,3,2
24,0,3
0,20,1
23,50,3
32,3,3
42,30,3
0,3,2
28,0,2
65,15,5
0,0,2
43,3,3
59,20,3
73,15,5
19,1,2
21,1,2
67,0,3
39,9,5
28,0,3
22,0,3
33,5,5
0,3,1
0,30,1
0,10,2
22,2,4
56,14,3
28,2,3
45,16,4
50,30,3
0,2,1
56,7,5
50,5,4
29,0,4
44,10,5
26,3,4
38,14,5
24,10,3
0,2,3
70,20,4
21,2,3
0,1,1
67,0,3
33,4,4
23,3,5
37,0,3
22,0,3
23,16,4
0,2,1
40,0,3
24,28,3
24,0,2
22,5,1
0,0,1
45,4,3
26,10,4
25,2,4
58,7,3
48,14,3
39,7,3
36,0,4
28,2,2
47,4,2
40,25,3
55,2,3
22,0,3
44,30,5
45,4,5
58,50,3
23,2,3
0,2,1
0,20,3
0,11,1
62,1,3
38,10,4
38,24,5
38,3,4
20,2,3
36,12,2
54,15,5
19,14,2
25,7,3
26,7,4
75,0,4
20,10,2
35,0,3
25,20,3
43,0,2
26,14,3
19,1,2
26,5,3
63,20,3
58,1,2
52,10,4
33,0,5
0,2,1
40,30,1
42,10,4
56,0,3
0,14,2
0,4,1
0,1,2
0,0,1
0,5,2
27,2,3
63,9,3
52,5,4
34,0,5
30,18,3
28,0,4
47,3,5
65,0,4
23,1,2
0,0,1
24,30,3
55,0,3
55,9,2
25,4,4
32,5,4
0,9,2
0,8,2
22,3,1
0,4,1
30,30,3
20,0,2
39,5,2
23,1,3
0,0,2
26,10,2
0,3,1
49,0,4
0,0,2
21,4,3
34,1,3
49,10,4
61,14,4
31,0,2
44,1,3
47,8,2
33,2,5
0,2,4
45,2,3
39,1,4
0,0,1
39,1,4
0,0,1
26,0,3
20,1,4
19,5,2
26,0,3
25,4,4
21,0,3
60,10,3
20,0,3
0,20,2
33,40,5
50,4,2
22,1,5
42,2,5
21,0,2
41,15,3
50,2,4
60,4,3
59,14,4
28,16,1
29,10,1
23,0,2
43,5,2
35,2,4
33,2,2
31,15,3
25,3,5
20,72,2
42,2,2
28,10,3
38,1,4
32,2,1
60,5,4
26,33,3
