26,0
71,40
27,0
18,2
42,0
35,10
40,0
21,0
41,0
26,6
0,0
49,0
62,0
28,1
0,0
35,0
29,0
0,82
66,0
25,0
39,0
29,2
59,0
31,1
0,0
23,10
22,2
0,0
60,0
38,1
34,3
0,0
62,20
42,1
50,0
37,0
21,5
37,0
45,0
35,2
65,0
22,35
23,0
19,3
37,2
30,0
0,1
39,0
63,0
58,20
68,0
30,20
63,0
42,2
19,0
30,0
53,0
0,0
40,8
30,3
39,24
52,0
0,2
53,1
25,0
56,0
65,0
71,0
50,0
0,1
52,16
27,0
19,0
61,0
0,0
48,14
46,0
0,0
55,1
63,0
36,3
33,0
26,0
0,5
29,0
21,0
0,0
46,0
19,0
34,0
28,2
34,0
51,0
0,1
34,1
30,5
21,4
31,0
19,0
64,0
23,0
65,2
24,0
0,3
64,0
23,0
21,0
30,0
31,0
22,0
0,40
0,0
0,2
48,0
43,0
30,0
30,0
20,2
24,0
0,0
42,0
62,10
25,3
28,0
57,0
19,0
45,0
31,0
33,0
37,0
33,0
61,0
0,0
36,0
29,0
20,0
20,0
31,2
61,0
25,7
25,0
50,0
32,20
19,1
41,5
25,1
71,0
28,0
25,1
0,30
41,0
0,0
33,0
41,0
24,5
24,30
29,0
63,4
0,1
39,0
21,0
56,0
34,20
49,0
21,1
35,0
21,0
69,2
41,0
22,0
40,0
58,0
20,0
64,1
26,1
50,10
29,0
28,0
23,0
43,3
0,1
28,0
21,0
23,0
44,2
35,0
84,0
0,0
33,0
23,0
26,0
38,7
25,0
39,10
22,3
41,0
33,0
30,40
43,4
19,0
21,0
22,0
31,2
25,0
46,0
74,2
28,0
58,2
49,2
23,0
0,0
20,6
35,0
28,0
57,0
22,0
35,14
47,0
28,35
51,0
43,0
37,0
0,22
100,0
19,10
67,0
43,2
0,8
0,0
57,20
38,0
0,0
23,0
55,15
0,3
61,3
0,1
23,0
25,3
24,0
22,0
0,0
33,1
43,2
24,0
54,0
28,0
28,1
50,0
26,0
74,30
0,0
60,0
0,4
44,0
36,1
80,0
61,0
53,0
24,12
25,0
0,0
19,2
32,0
48,1
62,0
24,10
61,0
33,2
60,1
48,0
28,5
0,28
26,0
0,3
27,0
28,3
51,0
28,1
38,0
52,0
23,0
0,0
23,15
66,2
67,2
0,0
35,6
55,4
19,0
47,0
0,21
73,0
37,0
59,0
33,5
64,0
36,5
0,1
51,20
30,0
31,1
39,3
27,0
30,0
52,3
23,3
0,4
43,1
29,1
24,10
25,40
27,0
35,0
0,4
32,3
0,0
36,2
30,14
27,15
0,0
72,1
54,0
27,5
66,0
0,2
68,0
31,0
0,4
0,0
20,12
67,0
30,2
24,0
44,0
0,1
56,10
52,0
62,0
25,0
38,0
46,0
19,3
0,0
27,0
0,0
42,0
33,5
79,0
0,5
60,14
0,0
25,20
24,0
26,2
48,0
22,1
22,3
66,0
27,42
49,0
23,0
0,0
29,0
28,0
0,1
29,50
33,0
56,0
0,8
25,3
26,0
26,0
39,6
0,2
0,0
19,15
21,0
28,0
56,0
26,13
21,12
57,0
22,5
31,3
24,5
72,0
19,5
23,2
39,0
27,3
27,1
22,1
0,0
0,7
0,2
0,1
26,1
0,0
37,0
59,8
33,8
21,0
54,0
0,15
35,0
0,1
21,3
32,0
38,0
24,0
35,4
69,0
28,0
58,0
0,25
67,5
33,0
66,1
0,1
67,4
24,8
0,2
0,3
0,0
27,1
40,0
45,0
36,0
36,0
28,0
30,0
22,1
0,0
22,1
31,0
0,0
27,0
26,20
0,0
31,0
27,2
0,5
71,1
24,0
0,3
70,0
52,0
0,2
20,0
51,4
0,0
39,7
23,5
25,10
19,12
0,2
25,0
34,1
25,1
26,1
65,1
30,0
30,0
42,5
46,0
58,3
39,4
28,0
31,0
50,0
52,0
32,21
0,2
46,10
100,0
45,0
0,0
42,0
0,1
0,0
19,2
61,0
31,0
20,3
30,5
32,0
38,3
20,7
45,1
33,4
50,0
0,1
42,1
50,7
35,0
50,3
0,1
20,0
65,0
34,0
24,9
34,2
0,0
39,1
34,0
28,0
41,0
0,3
53,0
44,1
0,2
0,0
27,0
0,3
60,2
23,0
0,0
38,3
61,0
28,0
38,15
0,0
39,0
32,0
40,5
48,0
0,0
34,28
71,0
64,20
25,0
0,0
23,36
28,0
20,0
55,0
36,10
0,2
23,16
0,1
22,0
53,0
50,20
29,1
34,0
0,15
53,0
43,0
61,1
25,0
0,3
26,20
52,10
42,0
23,2
0,3
30,1
40,1
50,0
25,5
33,6
0,0
44,3
23,0
40,0
46,1
58,0
69,2
0,8
19,0
0,0
60,0
21,2
24,3
35,0
38,0
0,8
23,1
31,0
32,2
49,1
0,0
45,0
28,3
59,0
28,20
27,30
40,4
66,0
35,8
22,0
21,10
75,0
20,5
27,0
34,0
28,0
20,3
58,0
19,1
56,1
42,1
40,0
37,0
20,0
25,0
60,0
0,2
42,1
31,0
21,2
20,0
22,3
40,10
23,1
63,0
24,0
33,0
0,4
24,2
20,0
60,0
21,4
39,1
65,9
0,0
0,0
20,0
0,0
0,2
53,0
62,1
27,0
0,5
21,2
65,0
26,8
20,0
24,0
46,4
0,1
0,0
0,0
27,0
59,0
41,0
35,0
23,3
69,1
63,0
22,0
56,0
25,0
28,0
0,0
0,1
25,0
32,0
31,1
35,16
40,0
28,0
73,0
22,0
36,50
44,2
34,0
0,2
34,0
58,3
48,0
25,20
57,0
30,5
41,0
62,0
22,0
75,0
0,3
65,7
69,0
45,1
38,2
29,0
0,0
22,24
24,0
35,2
25,0
0,2
61,7
60,0
35,20
0,2
30,0
67,1
25,0
45,0
21,1
72,0
30,20
54,0
68,0
71,0
22,0
29,5
31,1
45,20
24,0
42,1
43,0
37,0
29,0
38,0
0,0
21,0
45,1
24,1
31,1
21,0
68,3
0,2
28,10
55,0
0,10
61,2
40,4
0,0
22,0
19,1
32,0
0,3
35,1
63,0
0,2
0,1
40,21
35,0
50,0
27,0
48,0
27,1
0,1
32,7
28,0
44,0
33,0
40,0
47,7
61,0
33,0
29,0
45,0
0,0
20,1
42,0
25,1
19,12
25,2
64,4
44,8
19,4
20,10
58,5
25,18
56,0
28,5
50,30
72,2
33,12
0,6
24,1
40,1
22,1
20,0
26,2
40,1
31,0
22,1
62,0
25,8
34,0
75,0
20,0
38,2
28,15
22,5
32,0
41,2
35,0
67,0
0,0
39,1
19,0
60,0
30,0
29,28
42,6
20,3
70,2
84,0
0,0
25,2
0,0
26,0
44,2
61,1
36,3
33,0
20,0
19,0
32,10
44,21
59,1
22,10
27,0
30,0
34,0
65,7
34,3
0,1
36,1
19,5
61,0
24,3
46,1
60,0
42,0
36,0
21,0
60,0
26,29
27,0
0,0
21,30
27,0
0,3
28,0
40,0
40,2
19,0
53,1
39,0
29,10
0,3
24,4
50,0
28,8
20,0
23,5
62,0
31,0
65,0
37,0
32,0
56,30
40,0
0,0
0,8
45,15
62,2
19,0
50,10
0,2
61,0
0,0
51,1
22,2
40,2
55,8
40,0
19,0
25,2
26,0
45,0
56,5
42,0
48,0
41,0
44,0
22,0
62,0
75,0
33,2
38,4
0,0
27,0
22,0
0,4
0,0
54,0
53,3
23,0
78,8
42,10
39,1
30,0
27,1
49,4
69,0
25,0
59,0
31,0
29,25
21,0
68,1
61,15
32,0
19,0
43,1
75,0
25,0
29,0
51,0
62,1
59,1
57,0
53,2
30,2
36,2
38,5
44,0
31,2
42,10
65,0
34,0
48,7
38,3
40,1
29,10
55,0
65,1
25,3
0,2
26,4
55,0
58,10
31,2
33,1
77,1
57,1
24,0
37,20
0,2
20,1
50,0
51,0
53,0
29,7
40,2
0,0
64,0
20,50
26,12
42,0
25,12
43,4
43,0
61,3
40,1
26,6
36,1
56,1
28,0
66,0
39,1
44,1
0,0
38,0
30,0
23,1
26,5
60,0
0,1
42,35
23,1
56,1
20,0
27,0
0,0
63,0
30,0
25,45
57,5
21,0
20,0
50,0
46,2
50,0
24,0
0,1
21,0
42,0
20,6
29,10
30,3
27,0
39,0
27,0
20,0
60,1
36,5
26,0
30,0
26,10
52,0
57,0
26,0
0,5
0,20
19,14
19,4
32,0
28,1
24,0
31,0
32,0
25,0
0,0
22,0
39,0
30,36
0,14
26,2
41,1
72,0
46,2
0,0
0,1
21,0
40,0
0,5
0,10
69,0
59,30
55,0
79,0
43,2
21,0
21,0
39,0
42,0
50,2
63,0
19,1
54,0
34,1
26,0
38,0
27,0
33,4
65,20
39,0
30,0
22,5
33,0
39,0
20,0
27,0
0,2
23,0
35,0
65,1
43,0
27,10
26,14
50,0
0,2
51,0
22,0
30,6
46,1
21,0
48,0
26,1
35,0
33,0
0,0
22,6
26,0
50,0
21,0
30,0
50,0
40,0
60,10
28,0
24,7
23,4
24,0
61,0
37,3
0,0
49,1
44,0
24,4
27,0
46,3
42,45
28,1
35,1
0,5
24,3
0,0
52,0
0,1
43,2
24,1
21,5
0,1
62,0
20,1
47,2
65,0
41,0
25,6
27,0
65,0
61,1
0,0
61,3
37,1
52,1
28,2
54,0
47,0
44,0
0,4
47,1
22,1
73,0
49,0
0,85
30,0
0,1
33,2
20,0
26,0
39,1
30,1
43,1
28,0
54,0
19,0
33,10
27,0
68,0
21,8
22,0
20,3
34,2
24,5
35,0
33,2
32,0
47,1
0,10
38,0
42,0
49,0
45,3
21,8
32,3
23,0
19,1
0,1
0,1
19,0
31,0
72,0
60,0
27,0
63,0
26,50
77,0
44,13
0,0
54,15
50,0
25,1
24,3
31,4
20,0
21,0
25,0
57,0
36,4
0,2
31,0
57,5
19,0
28,0
42,0
23,0
29,1
0,0
62,1
25,2
44,0
37,0
21,0
28,4
54,0
49,0
58,1
29,0
70,0
35,0
56,1
34,15
23,0
58,3
20,14
25,2
42,0
49,0
0,0
22,0
0,3
54,0
52,0
25,0
22,2
38,20
50,10
63,0
68,0
64,6
22,0
27,10
0,50
44,0
61,3
53,1
23,0
0,5
56,0
20,0
34,20
0,0
0,0
0,0
0,2
0,0
20,0
19,5
21,6
33,8
0,0
63,0
28,0
19,3
0,24
58,0
52,3
51,1
66,0
52,0
0,1
19,4
47,0
59,12
0,0
65,0
23,3
24,2
72,0
21,1
24,46
47,2
24,1
28,1
34,2
56,1
69,1
55,0
63,0
40,1
19,0
0,0
26,0
52,0
20,1
67,0
50,10
48,0
41,0
38,3
0,5
45,0
36,0
70,0
22,0
45,0
24,1
26,1
20,0
25,0
24,0
48,10
21,1
20,2
21,0
30,0
0,0
30,0
55,1
19,6
21,1
22,6
29,4
53,8
45,0
0,1
19,0
0,18
42,0
0,2
24,15
57,0
0,0
51,1
31,10
26,0
0,0
24,1
0,0
0,5
49,0
44,3
59,7
47,4
26,8
23,7
0,0
26,0
30,1
0,0
58,1
23,0
28,8
54,0
37,0
33,0
0,1
48,0
36,10
29,6
48,0
43,0
22,4
28,6
45,3
54,6
0,0
26,4
0,0
47,3
0,0
39,6
68,0
53,0
35,2
0,0
0,0
60,2
19,0
25,0
39,14
21,0
19,7
25,5
0,18
30,0
26,0
32,1
60,0
22,0
31,4
28,5
21,2
24,0
24,1
21,0
47,0
31,0
0,6
0,1
33,0
26,0
61,14
30,0
23,0
24,0
53,0
41,2
39,0
33,0
32,0
0,0
23,2
53,0
41,3
0,0
0,2
44,3
28,5
51,3
48,10
22,9
72,0
60,2
0,3
22,20
75,0
0,1
0,3
70,0
67,0
49,0
77,0
41,0
0,0
54,10
47,1
37,0
28,0
36,2
100,0
30,0
46,3
44,0
24,0
19,0
0,0
0,0
45,0
0,0
24,0
39,0
27,0
53,21
0,2
54,1
0,0
20,0
51,0
43,0
57,0
0,1
82,1
23,1
0,4
62,10
41,1
33,0
58,2
36,8
22,24
43,0
0,2
0,0
24,12
21,1
26,2
0,1
20,5
28,0
22,1
51,12
24,5
33,0
43,1
0,1
20,2
35,0
70,20
29,0
0,1
39,1
32,10
28,0
47,6
53,1
44,0
44,0
30,0
37,0
27,0
0,5
52,0
82,0
20,3
0,0
48,1
32,4
19,0
0,3
40,0
32,1
0,0
0,10
62,2
52,2
21,0
30,0
0,0
33,1
19,5
0,10
49,1
0,0
35,0
24,8
60,0
0,0
35,0
45,10
0,3
0,5
0,3
0,0
0,1
32,2
81,0
65,0
41,1
45,0
53,0
20,0
58,4
31,4
50,0
100,0
50,2
38,1
0,1
0,1
47,0
41,1
0,80
50,1
25,1
20,7
0,0
52,1
55,0
47,3
62,0
0,5
76,0
50,0
28,0
48,0
25,0
31,28
45,5
42,3
65,6
22,1
0,0
40,0
37,3
56,2
21,0
0,10
29,0
70,0
0,2
0,2
57,0
0,0
22,0
0,0
30,6
64,4
25,0
28,12
29,0
22,0
21,1
58,0
22,1
47,1
59,0
35,0
27,3
22,0
24,3
48,0
19,3
19,0
29,42
0,12
50,0
29,0
65,0
21,2
29,0
44,4
39,0
52,0
26,0
22,1
21,1
53,0
44,3
38,2
25,1
0,5
66,0
19,0
52,3
0,0
25,5
0,0
23,0
45,3
21,5
25,0
20,0
0,6
48,0
47,1
63,49
27,0
0,0
20,3
0,3
59,0
25,2
40,1
35,0
75,0
25,3
21,0
23,0
25,0
34,3
45,35
63,4
47,1
48,27
22,2
0,10
0,0
60,90
19,25
30,3
30,0
31,0
63,0
45,4
66,10
0,1
23,0
0,0
54,1
42,6
21,2
29,3
43,0
50,3
33,0
34,35
28,0
32,3
35,0
28,1
42,10
47,0
72,0
46,1
52,0
19,0
24,1
23,1
27,0
35,1
34,15
58,0
51,4
36,1
24,0
82,1
49,6
68,0
40,0
32,2
29,2
0,0
36,1
28,20
62,0
21,1
38,1
58,8
40,3
0,6
19,3
20,0
59,0
42,0
28,0
43,2
0,2
0,0
43,0
19,10
28,0
28,0
0,0
23,0
26,10
0,4
0,1
23,20
26,0
51,0
27,15
51,0
42,2
0,1
62,1
54,0
63,2
67,0
38,2
56,50
20,4
56,3
40,1
58,0
30,1
22,0
60,0
37,0
25,2
49,0
50,1
48,0
63,7
43,0
30,15
31,2
50,10
20,0
19,14
69,1
65,0
25,10
43,0
26,0
32,24
35,0
33,0
45,1
56,0
22,1
20,0
42,1
0,12
65,0
0,0
19,0
65,0
0,0
55,0
40,1
60,0
41,0
19,2
46,0
23,0
36,0
26,0
0,0
0,0
29,0
54,1
41,1
60,0
21,0
43,7
36,2
56,15
47,1
21,3
30,0
49,1
62,1
49,12
35,12
0,0
0,3
0,3
53,0
46,1
42,0
0,0
36,7
44,7
37,1
19,1
0,1
47,0
35,2
35,1
64,2
23,0
29,0
47,6
34,4
57,14
23,4
27,3
44,1
28,3
21,0
19,0
0,1
0,2
28,2
74,2
45,4
23,0
0,0
48,0
36,0
0,0
0,0
21,3
0,0
41,0
27,2
0,4
51,2
67,3
59,0
28,2
24,6
36,1
35,0
34,0
22,0
51,0
22,0
50,0
48,0
47,0
65,1
66,1
46,0
28,0
0,1
19,2
0,0
38,2
66,4
38,1
0,6
0,17
32,5
50,4
79,0
0,7
42,2
54,0
32,3
44,10
19,0
46,1
49,0
32,0
55,0
29,2
32,0
0,0
0,0
39,3
41,0
50,0
19,5
24,0
25,0
0,42
36,0
29,24
0,9
34,1
46,30
54,0
24,0
33,0
36,0
40,0
35,1
22,2
19,3
27,0
57,0
29,1
52,0
28,0
30,0
0,0
50,3
0,14
25,0
23,8
26,0
24,12
21,3
26,0
20,0
23,6
35,0
69,5
0,0
46,1
21,0
48,14
64,42
19,0
45,10
32,2
0,2
0,1
0,3
39,0
25,30
41,1
51,3
41,0
36,6
69,7
22,3
53,0
39,2
59,0
41,0
48,0
19,3
21,0
26,5
43,4
45,15
31,2
48,0
69,0
40,0
21,3
41,0
22,20
23,0
0,0
77,2
28,2
0,12
72,0
33,0
23,0
0,12
46,1
0,5
26,20
22,0
42,0
23,0
27,2
0,0
25,1
31,10
20,2
45,0
23,0
22,0
40,1
59,0
68,2
48,0
35,6
28,35
28,0
39,0
35,10
46,10
44,1
56,1
47,0
43,0
61,2
36,4
22,72
30,1
28,0
22,0
68,2
34,0
22,9
0,5
39,0
0,0
34,0
61,12
19,0
44,0
23,20
35,20
53,0
24,2
0,0
33,1
42,0
58,0
20,0
52,4
44,30
30,10
24,3
27,0
21,2
43,0
57,0
51,0
20,65
23,0
45,0
19,9
0,0
44,3
21,1
0,7
29,10
64,0
58,1
19,0
40,0
60,10
23,47
20,0
59,0
40,1
67,28
35,0
0,0
67,6
28,0
27,4
41,15
0,2
41,20
19,10
48,2
47,0
35,1
0,0
0,0
26,30
23,0
29,0
32,1
0,20
74,1
37,0
22,2
23,2
29,0
34,1
0,0
34,5
47,2
70,0
30,0
68,0
50,7
82,0
20,0
45,0
35,0
0,0
22,8
38,4
23,3
41,6
50,20
37,2
22,1
51,0
25,0
47,0
31,0
22,5
0,0
20,6
22,20
52,3
19,0
33,0
20,0
0,0
0,0
19,3
19,3
35,3
31,8
66,2
19,0
25,1
0,6
35,1
26,0
0,1
36,15
44,16
24,0
32,2
60,20
30,0
45,24
23,0
32,0
19,0
0,23
20,0
41,10
31,20
26,0
62,20
24,4
19,4
32,6
30,4
52,2
29,25
20,2
52,0
25,1
67,0
0,15
0,2
38,14
19,0
36,0
30,2
0,1
65,20
33,0
30,0
61,2
34,0
0,2
29,25
25,7
24,1
49,0
19,0
41,1
65,0
42,15
25,4
19,0
44,0
64,0
0,7
0,2
49,5
40,14
23,15
46,0
0,0
45,0
23,10
64,0
35,10
48,0
35,7
25,5
0,0
33,0
0,20
0,0
19,0
48,0
63,0
0,0
46,0
40,10
72,0
27,5
70,0
23,1
36,2
44,0
58,0
36,1
19,0
21,20
22,1
41,0
32,0
33,2
41,0
0,0
20,10
0,2
23,0
65,0
0,0
26,1
42,0
42,2
42,7
41,4
38,0
0,0
53,1
0,2
49,2
37,0
52,0
45,1
50,2
45,0
38,1
39,1
58,10
37,50
25,1
28,1
48,10
24,1
49,1
0,0
19,0
39,7
19,3
0,12
0,0
77,0
48,0
0,0
26,0
62,1
38,0
0,0
38,0
0,8
41,0
47,2
30,0
44,2
58,10
33,1
23,12
31,1
0,0
28,0
0,0
76,0
0,10
0,5
21,0
64,0
65,2
53,0
28,0
0,0
22,0
22,0
38,0
41,0
33,0
0,10
27,0
27,1
0,0
60,0
73,2
62,0
45,2
22,2
59,0
23,1
26,0
0,27
25,2
0,0
0,0
35,1
35,0
20,0
0,0
20,0
44,4
58,0
31,0
30,10
48,0
19,0
49,0
19,2
37,4
35,0
0,3
33,1
34,0
43,0
23,3
28,4
35,1
56,0
0,0
63,0
40,2
38,0
48,0
32,6
0,1
0,1
0,0
0,1
39,0
42,1
62,4
39,1
0,14
25,50
45,5
42,0
37,30
27,0
58,10
33,0
43,1
0,15
24,5
33,2
21,0
43,7
32,0
54,0
21,3
38,0
28,4
67,0
23,0
0,6
32,3
26,0
0,4
0,1
20,5
25,5
61,2
30,0
20,4
21,1
71,0
49,0
20,1
53,4
0,21
38,0
0,1
21,0
40,0
55,0
0,0
28,0
47,20
29,35
0,3
0,0
20,0
71,2
40,35
57,0
0,5
38,0
40,0
23,1
26,0
59,15
46,1
43,1
66,15
40,0
64,2
0,0
52,1
28,0
0,0
41,20
20,2
23,0
47,2
30,30
23,0
20,3
0,0
62,7
22,1
20,0
0,5
48,0
32,0
19,6
28,0
23,15
43,1
52,0
41,1
31,1
45,0
60,3
28,0
38,0
21,0
52,0
0,1
50,0
53,0
20,2
27,0
60,8
51,0
21,0
0,0
37,4
45,10
21,12
52,6
20,6
51,2
28,0
43,4
40,0
22,0
57,0
23,35
26,29
37,3
25,0
50,0
0,0
59,0
36,2
20,0
22,10
77,0
0,0
0,0
43,1
63,0
38,0
22,20
23,0
26,0
35,6
33,10
28,5
0,0
0,0
37,0
32,1
42,0
19,0
48,0
63,6
46,1
65,0
19,0
57,0
21,0
37,1
57,2
25,2
28,0
20,0
66,0
0,0
24,0
29,14
23,0
30,4
0,25
38,0
33,1
31,0
47,0
27,0
24,0
62,0
27,0
19,0
39,0
26,0
27,1
27,0
19,10
22,4
33,0
22,0
0,1
39,3
20,12
49,5
43,1
70,30
24,0
21,15
57,0
40,3
38,3
36,0
19,18
41,0
59,0
20,2
19,0
25,0
36,15
0,0
0,7
0,4
48,0
25,0
20,7
28,0
29,4
0,1
44,0
61,10
23,1
0,0
30,5
0,4
0,16
65,0
0,1
45,6
41,0
22,7
66,1
28,5
50,0
0,0
25,7
62,1
30,3
33,0
33,0
44,0
20,0
0,12
33,1
61,0
72,2
20,7
19,5
67,10
52,5
27,30
25,0
19,10
64,1
38,3
33,0
33,10
0,7
19,2
24,5
38,2
0,0
59,0
0,1
24,2
28,0
50,0
70,0
68,2
61,0
0,1
24,8
38,2
25,5
33,0
20,4
23,0
52,2
68,3
27,3
23,0
51,14
27,0
20,1
56,0
31,0
30,2
53,0
50,0
45,5
40,0
23,23
30,16
48,0
39,10
0,0
59,0
0,1
20,0
0,5
51,3
43,0
46,2
37,0
21,0
36,3
56,0
20,1
41,3
19,10
0,1
27,1
34,2
67,0
45,0
29,5
19,0
56,0
0,0
54,21
30,2
0,0
19,0
25,0
48,4
42,0
30,0
0,0
56,20
0,2
23,6
29,0
42,2
26,0
39,0
28,21
0,4
51,2
58,0
53,10
22,12
0,0
27,0
72,0
20,8
61,3
0,0
27,0
65,0
22,21
48,0
0,1
49,10
0,1
30,8
39,5
60,0
50,0
23,2
36,30
35,0
0,0
24,0
29,0
28,0
49,3
0,5
23,20
0,0
23,0
24,0
61,0
45,0
20,5
25,11
0,3
44,0
22,5
55,0
43,5
25,0
40,0
0,0
47,0
60,7
24,5
49,20
72,1
21,0
0,6
40,0
37,3
0,0
30,0
30,30
64,1
42,0
31,20
23,5
32,4
0,1
30,0
25,0
46,0
60,4
0,8
65,0
23,0
28,0
27,4
22,21
27,0
67,10
43,0
20,1
37,20
19,60
39,2
23,60
39,1
69,0
34,25
55,5
58,1
25,3
53,3
25,0
0,3
74,0
47,0
30,2
25,2
33,10
22,20
25,6
49,0
38,0
22,3
23,3
56,0
0,2
51,0
0,2
36,0
43,4
28,0
0,5
28,1
66,0
22,50
70,2
65,5
20,0
21,0
30,0
50,0
30,0
36,2
0,1
28,0
60,2
36,0
46,2
41,2
48,0
48,5
47,3
23,0
0,0
42,1
41,3
41,1
22,0
49,0
23,0
45,0
40,0
78,0
46,0
35,1
52,0
42,0
46,0
20,3
28,1
58,0
60,0
55,1
90,0
27,0
43,0
40,21
19,0
0,0
29,3
45,5
50,0
0,1
50,7
0,0
0,3
26,21
47,4
50,7
58,0
40,0
52,3
30,0
48,0
64,40
29,2
40,20
22,12
38,0
0,1
26,0
21,16
19,0
0,3
41,0
23,0
30,1
23,10
45,0
34,0
32,0
40,0
22,1
60,8
54,2
27,2
0,0
22,1
78,0
29,0
24,0
44,0
25,0
0,7
42,0
36,2
43,0
19,0
28,0
24,0
29,0
71,0
26,1
24,24
42,5
20,0
28,0
28,0
44,0
33,0
20,1
26,0
36,4
32,1
50,2
0,10
37,0
23,20
0,1
39,0
22,1
0,0
42,3
23,0
53,10
68,0
66,1
37,6
23,0
38,0
0,1
51,0
43,0
0,2
35,4
32,0
0,1
30,0
36,0
24,0
0,0
0,0
65,0
54,0
60,10
56,0
60,0
34,0
0,0
0,8
34,5
39,0
26,0
39,5
32,1
27,0
38,0
0,0
0,0
45,0
56,10
19,4
40,1
24,0
0,0
0,24
36,0
27,0
20,3
21,0
19,1
37,0
30,0
32,7
42,1
21,0
54,0
54,0
53,0
22,1
0,0
0,3
29,0
32,0
67,11
68,0
19,5
34,5
45,5
23,12
20,0
31,14
74,7
42,14
54,0
30,10
23,0
54,0
0,3
28,1
25,1
22,3
0,5
63,15
0,4
0,1
47,0
55,13
23,0
0,0
30,0
46,0
0,0
66,0
20,0
44,0
55,3
45,30
0,2
67,0
44,7
24,7
0,5
48,4
0,0
33,0
37,0
29,0
27,0
28,1
43,5
38,20
0,21
37,10
47,5
54,1
44,0
0,20
0,0
0,13
49,2
28,0
19,25
49,3
57,0
0,1
30,30
42,0
45,28
76,0
27,3
0,0
19,0
20,0
25,1
27,3
38,0
48,1
0,3
58,2
0,0
56,1
83,1
23,2
38,2
31,0
0,2
0,1
0,0
24,3
57,15
0,0
50,0
35,25
0,4
42,7
0,0
58,0
36,0
35,1
31,0
51,0
0,0
21,0
54,0
79,0
40,0
26,2
20,4
63,0
0,0
23,12
0,2
31,1
0,3
29,1
0,5
36,35
29,3
62,0
32,2
45,1
0,0
31,10
23,5
28,1
23,12
48,4
25,0
72,12
30,0
0,0
54,45
51,14
33,5
0,1
38,2
28,1
31,0
0,2
35,1
28,4
0,2
38,1
40,5
0,12
29,2
28,1
26,4
24,35
23,0
50,4
51,0
0,1
22,0
62,20
36,0
58,0
52,1
22,4
33,0
26,6
23,2
30,4
42,0
0,0
19,2
0,0
55,0
44,0
42,3
42,20
0,4
32,1
59,2
19,0
38,0
0,5
0,3
0,1
35,1
57,5
0,1
19,6
23,3
24,0
40,10
20,0
22,20
56,10
22,0
48,0
0,0
19,0
34,0
0,0
24,0
27,0
0,7
64,10
0,4
28,2
29,0
33,1
25,0
45,1
25,0
46,5
0,0
0,56
50,0
34,7
60,0
25,1
20,2
29,6
0,0
22,5
23,0
0,5
25,2
30,0
40,1
39,0
45,3
49,0
0,0
28,1
38,2
23,0
48,2
36,20
24,60
61,0
29,0
51,0
36,2
38,2
64,10
24,0
0,2
33,5
22,0
34,20
35,0
42,0
0,14
22,5
49,0
28,0
24,0
38,8
31,0
25,0
39,1
59,3
33,0
25,0
43,1
37,0
30,1
23,0
24,8
27,8
25,2
25,1
27,1
28,0
48,0
25,1
35,1
38,1
28,0
49,0
22,3
44,10
61,0
29,10
33,4
20,4
40,0
31,10
20,2
28,0
24,0
29,0
22,0
28,10
0,4
42,1
60,0
25,0
65,0
27,3
22,3
0,0
27,0
29,11
0,0
21,50
29,0
36,0
37,0
59,0
51,0
50,0
46,3
0,0
26,0
33,2
56,10
0,0
57,4
29,10
43,10
30,1
23,0
44,0
34,4
37,0
0,1
0,0
26,18
23,1
23,2
29,0
23,0
27,2
52,0
32,0
43,0
56,0
28,0
35,0
0,0
43,0
33,0
38,0
27,1
50,0
20,0
36,5
0,0
20,12
37,0
32,1
22,3
29,0
43,0
24,0
28,0
0,2
52,0
40,0
34,0
20,2
25,3
0,5
20,15
28,2
0,0
71,6
55,14
24,9
38,3
60,0
60,10
0,5
49,0
0,0
25,4
39,4
65,0
20,2
21,0
26,0
0,4
30,15
90,0
38,12
56,0
0,2
35,2
21,0
77,0
44,20
0,0
26,1
37,2
19,0
0,0
29,0
52,3
21,5
21,1
0,5
34,2
24,0
40,0
23,10
47,2
22,0
31,12
55,0
21,4
30,2
27,0
38,1
29,20
28,10
41,3
35,0
48,3
66,0
48,20
31,5
31,0
0,0
44,4
21,1
49,0
67,0
21,15
0,10
0,0
24,1
48,2
58,1
66,0
43,15
61,0
19,0
40,0
23,0
36,0
26,2
20,0
56,0
32,15
0,1
34,5
23,0
25,0
25,0
21,11
66,15
25,20
20,3
26,0
25,0
23,0
21,6
35,0
22,0
36,24
0,0
48,0
22,0
35,1
26,0
33,0
28,13
26,0
31,4
0,0
0,0
31,20
28,2
35,30
30,30
23,0
0,1
0,0
32,9
42,28
20,0
32,10
27,0
29,0
0,0
44,0
30,28
25,0
59,0
29,3
38,10
27,3
66,0
0,17
20,0
44,20
25,28
45,0
23,1
0,7
43,0
19,1
24,0
23,0
0,24
44,6
0,0
0,0
24,3
19,0
59,6
21,0
21,5
26,0
22,7
0,5
0,0
20,50
25,0
41,2
40,0
57,12
53,0
20,3
24,0
42,0
29,12
32,0
58,7
19,4
0,0
37,0
32,0
20,0
28,2
33,10
0,4
30,14
0,5
0,1
22,0
26,0
40,6
42,2
25,3
30,1
36,2
60,0
0,1
29,7
0,1
0,0
0,2
28,5
29,21
0,9
25,5
44,14
59,6
45,1
25,5
22,7
0,15
21,10
49,3
43,0
0,1
26,3
30,40
26,3
68,25
24,28
51,0
57,3
0,0
67,0
21,0
20,2
19,8
24,10
45,4
27,7
37,0
23,60
30,20
43,2
0,0
38,7
24,0
19,10
49,1
29,0
0,0
30,10
20,18
40,0
21,0
38,0
22,0
71,3
32,0
55,0
21,0
32,2
0,0
0,0
39,0
0,0
27,5
27,0
40,2
65,0
49,2
57,0
0,0
28,10
0,0
19,3
67,3
22,0
50,10
36,2
26,15
19,0
22,0
0,2
43,0
26,15
20,0
28,0
43,0
45,20
60,20
48,4
37,0
55,5
19,2
65,2
0,2
55,0
27,0
26,48
20,1
68,4
28,2
0,6
32,0
46,5
25,0
49,5
50,10
29,1
0,2
42,0
31,4
27,0
58,0
33,2
0,3
60,0
54,0
48,1
19,2
21,0
21,1
21,2
0,0
41,0
28,1
44,0
23,10
58,2
38,1
45,1
47,0
21,0
0,5
19,0
0,0
19,4
50,1
20,0
36,1
70,1
46,0
27,7
65,1
48,3
0,5
73,5
20,50
40,0
26,4
33,0
38,10
62,10
29,1
0,4
28,1
38,0
32,10
25,3
0,2
0,0
55,0
36,10
0,0
64,2
21,3
26,1
0,3
50,3
56,0
24,2
37,20
42,0
22,0
21,3
23,3
21,0
0,0
19,0
22,0
21,0
23,14
29,4
0,0
23,10
36,0
57,0
20,10
70,5
36,0
48,0
40,7
36,0
41,0
32,0
24,0
51,0
0,0
25,1
37,1
52,0
27,15
34,1
26,0
64,10
43,0
41,7
29,40
34,8
23,0
0,4
62,0
42,14
29,0
42,6
0,0
32,25
20,5
30,0
24,0
43,12
35,15
20,21
37,0
35,0
0,30
0,5
28,2
64,0
58,2
37,20
30,15
19,4
65,0
27,24
19,30
19,3
0,0
22,10
33,0
28,0
41,0
42,0
39,2
65,0
33,4
26,3
42,0
43,16
44,12
0,12
29,7
26,1
35,7
50,3
26,0
27,0
36,1
39,0
21,0
0,37
44,0
21,14
27,0
27,0
64,0
20,0
25,4
24,1
26,1
40,10
30,0
32,21
24,0
21,0
0,1
55,20
38,0
40,0
22,25
70,2
28,1
0,3
21,1
24,0
22,8
19,12
46,10
47,0
22,2
19,3
40,0
26,0
29,50
21,5
42,20
33,4
23,0
33,3
0,1
19,0
21,10
24,2
29,3
0,1
22,0
20,10
46,10
24,5
32,0
28,5
27,1
29,6
0,0
34,0
0,2
0,0
19,14
31,14
24,5
71,0
65,2
32,2
65,0
22,3
0,0
32,1
54,5
23,1
27,2
53,1
28,1
0,5
55,7
33,3
29,0
24,0
27,2
31,10
20,4
0,1
30,3
37,0
23,4
21,0
0,2
29,10
24,25
26,7
26,7
28,1
26,0
29,0
25,0
22,0
26,20
50,0
38,0
27,0
25,1
65,20
59,0
22,0
61,10
25,15
20,15
28,0
26,3
0,40
21,10
32,1
66,10
27,3
44,10
28,3
25,12
19,1
41,0
44,2
38,1
30,20
64,0
0,3
52,50
42,14
26,48
29,7
21,0
70,15
23,5
23,6
25,10
50,1
0,78
20,0
74,21
48,35
20,1
43,1
50,0
56,0
41,2
30,0
21,0
38,0
32,10
35,6
25,4
66,4
34,0
0,0
47,10
56,0
36,10
28,0
37,0
27,21
22,10
74,20
33,10
49,0
70,20
28,5
23,1
33,10
56,0
32,0
67,15
33,10
54,12
43,1
51,2
20,1
21,0
41,20
39,10
28,3
28,15
60,7
0,7
24,2
20,0
21,3
0,4
20,5
43,0
31,0
41,0
29,0
27,2
26,5
36,2
23,0
28,1
31,1
31,0
20,1
47,7
24,1
29,5
20,0
36,0
29,0
40,0
49,0
0,3
24,1
44,0
0,2
77,0
20,2
21,0
42,2
35,0
31,10
26,30
23,0
25,10
42,0
23,0
40,0
19,1
23,0
55,1
34,2
0,1
0,0
0,6
46,0
34,1
43,32
29,12
31,6
36,8
28,0
29,8
60,0
73,35
45,2
54,0
40,0
44,0
55,0
49,0
23,28
0,0
45,0
27,0
65,0
28,0
51,2
33,3
37,0
24,0
48,0
68,3
23,0
43,1
63,10
19,0
50,1
53,4
76,0
71,0
52,1
0,0
57,0
21,8
55,4
34,0
62,2
19,2
63,0
58,0
49,1
57,10
0,1
0,0
36,3
0,0
28,3
29,0
45,3
0,1
25,8
0,0
89,0
27,0
45,3
19,1
42,0
20,3
58,1
0,10
50,20
35,0
64,0
58,1
57,4
44,1
23,0
24,6
44,0
0,16
52,1
23,0
34,0
76,0
34,3
39,3
37,1
33,0
40,0
33,2
72,0
0,0
30,0
0,0
36,0
43,1
0,0
0,0
58,0
31,30
68,0
25,21
57,10
38,0
41,0
64,2
57,0
24,1
64,5
48,0
47,0
19,0
57,0
34,0
0,1
75,0
44,2
37,6
26,3
31,0
19,3
28,2
36,3
45,7
43,3
65,15
22,1
55,0
0,1
22,10
63,2
55,0
56,0
29,1
36,0
27,0
0,0
48,0
0,2
32,3
53,0
45,0
0,0
0,5
34,15
58,0
46,0
50,20
0,1
44,0
56,2
27,0
56,2
45,0
33,1
0,0
0,2
37,0
46,28
31,1
0,8
21,0
49,0
22,0
20,1
58,1
34,0
29,1
0,0
31,0
0,3
43,10
73,8
31,20
35,0
66,0
0,0
39,6
65,0
0,0
34,0
46,0
0,0
0,0
37,3
0,0
45,1
42,0
48,0
26,1
61,0
41,1
33,3
32,5
31,1
30,4
33,3
36,3
39,0
0,1
32,1
53,10
42,3
45,3
46,2
45,0
0,2
37,6
35,3
26,1
57,0
0,1
60,0
27,2
25,1
42,0
0,0
22,0
0,2
54,0
0,0
22,15
0,6
71,0
82,5
23,0
0,25
24,0
53,2
20,0
34,0
56,1
0,2
47,0
46,0
0,0
0,0
19,5
55,0
29,0
26,0
21,0
0,3
0,0
28,20
62,12
42,1
50,3
0,0
60,1
41,3
43,0
22,2
22,0
48,0
0,0
42,0
48,0
51,14
25,0
30,0
67,1
20,0
22,7
54,0
19,0
50,0
39,1
70,20
41,0
42,4
36,1
39,2
0,2
51,0
0,1
57,3
0,2
36,0
20,0
78,0
0,3
42,0
40,0
25,1
22,0
79,0
45,1
42,3
0,0
21,4
25,0
43,0
19,0
0,3
0,5
0,1
24,1
64,0
0,3
34,2
60,0
34,1
40,0
37,15
25,0
0,0
62,0
58,5
30,0
41,0
27,1
20,30
49,5
30,8
27,2
0,0
38,0
23,1
23,3
21,0
40,1
26,1
31,0
45,10
26,0
0,0
47,25
25,0
33,0
0,8
61,0
38,1
29,0
36,0
54,1
27,0
49,0
0,8
23,0
65,4
27,1
55,0
34,0
0,0
0,0
0,1
35,6
40,1
0,0
21,24
0,1
28,5
33,0
44,0
0,1
33,1
0,1
28,0
0,1
49,0
20,6
34,0
42,0
28,20
64,0
25,0
24,1
50,1
72,2
46,0
19,0
45,6
31,0
32,1
22,0
61,30
32,7
42,1
50,8
0,2
20,3
29,0
40,0
48,15
36,0
21,2
19,0
51,0
23,2
34,45
0,5
41,15
27,2
34,0
20,0
38,0
31,1
20,1
26,50
32,0
42,0
22,2
37,0
0,0
27,2
0,2
44,1
35,2
50,30
42,7
60,0
29,2
27,0
27,0
56,2
20,0
23,0
31,7
50,0
46,0
53,1
77,0
67,2
52,0
30,8
21,3
26,1
0,0
20,10
62,0
46,0
32,6
30,2
0,40
26,7
27,1
44,20
25,1
57,0
28,0
19,10
53,0
29,2
52,2
0,8
20,1
60,0
39,0
33,0
25,0
20,0
43,4
38,5
70,0
21,0
53,0
48,1
58,5
0,0
64,0
23,6
57,0
35,3
21,0
22,1
66,0
54,0
29,0
37,0
28,10
54,3
22,2
27,12
0,0
0,2
19,0
45,10
39,0
50,0
35,0
71,0
0,0
23,2
40,0
39,0
56,3
50,0
44,17
38,15
52,3
50,0
0,1
28,10
44,0
68,0
0,0
40,10
43,0
48,20
0,2
41,0
0,2
43,0
47,3
42,4
67,0
44,4
68,0
36,4
63,0
29,0
22,0
34,8
45,0
31,1
40,10
47,0
0,0
52,14
61,0
24,1
57,10
56,1
35,1
40,0
32,1
27,0
57,3
33,2
0,50
21,1
54,0
47,0
37,0
63,0
32,5
55,0
26,0
30,0
68,0
26,2
26,35
32,2
36,10
47,0
0,0
0,0
20,2
51,5
0,30
23,0
41,0
0,0
73,0
48,2
52,0
41,5
29,5
0,0
38,5
30,4
37,5
19,0
56,0
44,2
68,0
19,0
22,0
33,0
27,0
55,4
25,0
60,0
34,0
44,0
0,0
38,0
0,0
24,1
25,20
0,0
30,0
53,0
28,1
64,0
23,1
60,0
51,0
25,1
24,0
0,2
0,6
0,0
19,0
37,0
39,20
39,0
19,0
33,0
44,3
65,10
19,0
33,1
58,0
57,3
0,0
38,3
51,0
49,0
0,16
70,0
30,0
47,0
47,0
52,0
20,0
21,1
58,1
22,9
27,2
28,12
0,0
40,1
46,5
19,0
42,1
19,5
19,8
0,0
55,0
67,0
63,0
22,10
72,16
34,0
51,2
23,1
22,0
19,4
51,0
55,0
31,3
23,0
23,0
42,0
50,0
24,15
53,0
53,0
44,1
22,0
53,10
55,0
55,0
27,0
22,4
30,8
60,10
46,5
25,0
27,4
0,0
35,0
0,10
55,0
24,2
35,0
43,0
22,0
25,30
33,12
37,20
32,0
0,0
0,2
0,30
22,12
0,2
22,1
45,0
46,0
55,24
30,0
65,0
28,0
36,0
46,10
33,10
53,3
20,0
33,0
24,0
19,1
20,5
58,2
0,0
64,15
60,2
33,21
47,0
45,0
28,0
29,1
46,10
19,1
0,10
23,0
48,1
0,2
33,1
30,7
19,2
42,2
49,4
49,24
33,0
39,2
63,4
26,10
28,0
38,8
0,1
0,1
69,0
0,5
30,1
40,7
25,5
26,28
30,0
22,0
57,0
26,2
46,0
36,0
63,0
41,10
39,0
44,2
0,0
34,0
23,1
0,0
45,14
55,5
0,14
63,0
0,14
31,2
38,20
22,3
0,0
22,0
47,0
40,0
0,0
29,0
0,10
0,0
40,0
29,3
23,80
46,0
27,0
31,0
48,0
0,0
0,2
0,1
32,16
0,1
0,0
35,3
0,3
0,1
45,14
41,0
0,0
0,0
0,0
30,8
20,0
46,0
76,2
27,0
51,5
54,1
0,0
22,6
0,2
33,12
50,8
0,2
0,0
22,2
0,0
39,0
21,8
28,0
0,0
0,2
47,1
52,3
39,14
0,0
70,0
68,1
40,2
25,5
44,18
21,15
0,0
27,10
34,0
26,10
45,2
31,0
21,0
57,7
42,2
25,3
0,0
31,0
0,0
0,3
51,1
0,12
29,5
19,0
45,1
0,5
40,0
37,0
24,0
25,0
0,4
46,3
25,0
33,0
29,1
26,2
36,1
44,5
0,6
39,2
0,1
59,0
19,0
62,0
33,0
28,2
36,3
77,10
53,20
0,0
20,0
24,0
37,2
23,2
29,0
34,2
22,2
47,1
0,1
20,2
0,2
58,0
66,8
47,7
47,6
26,0
24,24
45,7
21,1
40,1
24,15
0,0
47,0
22,0
27,1
0,2
37,1
32,3
40,2
28,0
26,0
33,0
0,2
35,1
0,20
0,0
45,10
35,0
0,18
20,1
0,5
0,0
51,0
24,2
32,7
26,1
19,1
34,2
35,0
0,0
19,3
0,14
33,5
20,3
23,0
23,0
0,1
36,3
21,1
30,8
61,2
31,2
0,9
58,15
0,0
32,0
33,3
0,5
30,3
0,3
33,4
19,6
59,0
20,10
45,4
0,5
20,2
19,0
52,3
49,8
36,2
34,0
0,2
0,0
23,0
50,14
32,35
30,1
59,1
19,2
40,3
75,2
20,0
45,0
52,0
27,0
71,0
33,0
0,0
50,70
26,0
57,0
26,14
27,5
29,3
19,10
46,0
51,20
68,0
42,20
0,0
43,0
0,0
25,0
29,5
0,5
28,3
23,0
33,7
0,1
27,0
20,0
0,0
44,0
64,4
37,0
44,10
21,0
48,0
29,0
48,0
32,0
0,0
24,14
53,0
52,0
42,40
0,0
0,3
0,4
38,10
0,0
44,0
58,0
22,0
25,1
38,0
55,0
33,0
0,5
33,30
39,3
0,0
0,0
54,0
31,12
25,0
53,0
0,0
63,1
46,0
20,0
61,0
36,0
0,0
69,0
41,0
56,15
29,0
37,0
50,14
53,0
0,0
22,0
20,0
48,24
0,0
39,1
54,0
20,0
32,0
30,0
0,2
24,0
35,10
26,0
49,1
39,0
57,20
54,1
0,4
25,0
25,10
0,0
72,0
54,0
50,0
0,1
20,1
34,10
22,0
22,0
56,0
26,0
30,0
22,0
25,0
55,2
44,0
55,0
35,2
28,42
0,0
57,2
68,0
25,0
50,0
42,4
50,3
0,0
0,1
0,0
31,1
23,6
20,4
54,1
33,0
57,4
40,0
0,4
0,25
0,0
38,0
0,1
61,1
61,1
63,1
0,1
49,0
19,0
19,0
33,0
46,0
42,4
79,0
29,0
0,41
39,7
29,15
74,5
44,0
36,0
38,3
25,1
39,2
46,5
46,0
42,12
58,0
0,10
27,0
0,5
20,0
56,4
57,0
44,4
40,0
22,10
22,1
32,21
23,3
30,0
19,5
40,7
0,0
21,0
39,3
28,0
21,0
60,1
19,0
0,17
50,1
39,1
19,0
27,2
21,5
29,8
59,0
40,0
28,2
22,0
25,2
34,0
27,0
19,5
0,35
30,10
49,0
53,2
29,24
35,0
58,0
24,5
49,18
19,0
43,0
29,0
22,3
33,1
0,0
23,7
47,10
0,1
41,1
22,1
22,0
51,4
22,3
62,2
51,7
33,0
68,0
51,0
32,2
24,15
22,2
27,3
45,20
45,1
48,20
0,18
0,0
33,6
34,6
0,0
21,0
34,0
0,0
39,0
0,2
20,0
23,0
43,12
19,4
23,1
50,0
26,0
48,4
24,3
33,10
26,1
0,0
65,0
26,18
38,7
21,0
26,14
75,0
61,6
36,0
24,0
62,5
53,0
70,0
34,10
29,1
34,40
26,0
36,0
31,5
31,0
33,0
51,15
26,0
0,0
0,8
56,10
72,0
19,0
0,1
0,1
48,0
0,0
77,0
44,1
34,0
68,0
57,0
21,2
46,10
35,5
20,6
19,1
23,0
39,0
28,0
25,3
19,3
29,2
57,7
27,0
30,0
23,0
39,1
21,0
20,1
54,0
41,3
19,0
19,5
62,0
27,2
0,1
0,5
21,3
60,0
0,12
19,10
70,0
30,2
28,5
27,0
29,5
35,25
44,2
24,10
0,2
44,14
0,37
56,2
38,3
54,8
21,0
0,5
49,0
26,0
0,0
0,8
28,2
22,0
31,2
27,0
20,0
25,5
21,10
34,0
41,0
56,0
60,2
37,0
38,0
0,5
26,0
21,7
55,14
71,5
0,6
27,24
0,10
0,0
45,0
45,0
27,0
57,8
22,30
40,2
24,0
30,3
30,0
24,0
41,1
22,0
55,0
23,10
36,0
33,5
0,1
36,1
0,0
20,2
0,0
46,0
0,2
31,20
45,0
39,0
51,2
49,2
30,10
28,4
26,0
0,0
35,0
57,0
43,2
51,0
42,0
30,1
36,1
50,3
42,1
0,6
28,25
43,1
51,15
44,0
55,20
0,0
0,5
56,0
24,0
55,0
0,0
28,0
31,0
27,1
54,4
21,2
0,1
0,4
40,28
0,72
78,0
24,0
32,0
37,0
56,8
28,0
58,16
22,10
29,10
34,2
19,1
0,48
26,0
26,0
55,0
40,1
38,1
0,0
57,0
19,12
20,1
21,0
0,10
33,10
0,5
0,0
51,4
32,10
22,20
34,0
23,7
25,1
28,10
36,0
22,0
31,3
27,1
23,10
21,20
0,3
34,1
20,2
29,0
48,1
24,1
31,4
0,4
43,15
44,0
24,1
35,4
28,1
21,0
49,0
0,6
47,2
36,2
19,2
30,55
25,2
47,1
44,0
30,0
65,2
40,5
0,6
29,0
0,0
54,0
25,0
0,5
40,5
0,1
0,1
49,0
48,20
27,1
20,0
29,21
0,6
62,0
0,0
48,6
35,0
53,0
25,0
56,2
47,0
61,5
44,1
0,28
21,14
39,0
41,0
31,0
72,30
35,2
33,0
55,0
44,2
0,0
75,0
30,0
41,15
29,0
45,10
56,1
0,5
0,2
0,15
45,14
33,2
23,4
0,12
66,70
22,2
25,6
47,3
21,0
53,0
35,1
43,0
40,0
0,0
20,1
24,0
60,0
52,1
54,20
0,3
26,50
37,2
25,3
27,0
23,1
0,15
23,1
44,4
22,10
0,4
31,0
32,10
35,3
0,0
66,0
28,0
64,2
61,6
31,5
45,0
0,0
34,15
27,3
0,0
22,0
20,72
22,5
0,2
23,1
0,0
0,0
48,1
70,1
79,20
20,0
0,0
21,0
21,1
40,18
23,1
0,1
0,1
0,0
33,3
23,2
34,0
0,0
24,0
0,24
38,0
24,20
27,0
27,0
73,0
28,0
0,0
21,0
40,1
25,0
27,0
83,2
53,0
20,2
55,5
19,0
24,0
41,3
36,30
0,5
0,0
20,1
61,15
42,0
37,1
47,0
24,0
27,0
41,0
26,0
25,7
43,1
27,5
38,0
30,2
31,5
35,0
0,0
28,2
23,2
50,0
42,0
0,12
22,0
21,1
21,5
24,0
50,0
49,0
28,2
49,5
32,1
20,21
56,0
62,0
26,1
29,0
47,0
24,1
0,10
21,1
29,0
0,0
29,7
36,10
21,0
43,0
0,0
20,0
41,1
0,20
55,10
35,0
34,10
0,0
27,0
57,6
22,0
0,7
22,2
0,1
24,4
53,2
35,40
44,1
33,2
22,2
0,10
45,6
28,0
35,0
53,0
32,0
26,1
48,10
41,1
40,3
20,0
0,2
50,2
26,3
37,30
45,14
23,0
48,3
37,0
55,0
46,3
27,1
44,3
30,3
28,1
35,0
49,2
39,2
29,0
52,1
32,0
57,0
29,0
63,0
0,0
34,2
22,0
47,25
33,1
41,1
39,10
27,1
31,30
58,6
43,0
38,0
55,10
0,5
50,2
23,21
31,10
0,5
0,0
30,1
65,1
0,1
21,0
0,6
53,3
0,0
0,2
33,2
76,2
35,0
23,2
47,0
36,0
27,0
0,3
36,12
63,15
70,10
39,4
19,27
69,2
34,0
60,0
52,0
26,3
51,0
20,0
21,0
47,0
20,4
26,0
51,0
29,5
33,0
29,0
31,0
45,6
31,0
58,0
63,0
50,0
0,0
24,10
64,30
29,0
19,0
29,2
51,0
30,0
37,0
21,0
20,4
20,0
31,1
62,12
36,2
36,1
60,0
32,0
56,0
59,0
27,1
29,10
55,0
19,30
61,1
0,2
20,10
39,1
22,0
0,0
20,0
39,4
21,0
55,7
60,5
34,0
40,0
26,0
22,1
36,0
39,1
50,4
34,0
29,7
40,0
49,0
52,0
32,8
31,1
22,1
0,0
53,0
0,0
37,10
28,0
46,0
68,0
32,1
57,0
21,0
19,2
51,0
87,1
58,1
38,0
55,6
41,8
19,0
45,10
0,19
46,3
0,0
0,0
31,0
28,1
47,1
0,0
36,1
28,5
0,0
66,33
40,12
49,0
46,0
28,3
21,1
38,0
48,10
46,0
24,1
23,0
38,4
31,0
34,0
32,6
0,5
38,96
32,2
58,0
61,6
60,1
37,3
45,0
40,0
40,28
21,25
60,0
46,0
0,2
0,0
24,1
56,3
35,0
26,0
70,0
59,0
67,0
28,0
45,0
33,0
59,14
51,3
19,0
66,1
44,1
24,5
54,0
23,0
0,5
59,3
49,5
35,0
56,0
51,2
0,0
21,0
26,0
52,1
60,0
47,3
34,0
50,2
23,8
38,2
57,2
19,1
20,0
26,0
42,12
28,0
55,11
45,0
54,1
27,15
0,1
19,0
0,0
26,0
0,21
21,0
23,5
31,10
42,0
51,1
33,2
21,0
20,0
32,5
21,3
20,0
39,20
63,2
32,0
44,7
59,0
51,1
63,1
66,0
63,0
21,0
27,0
44,4
40,10
57,4
37,15
0,0
43,40
0,12
39,0
27,0
27,15
27,3
0,2
68,10
43,4
19,0
74,0
0,5
61,5
51,20
30,2
25,1
43,1
23,0
21,0
32,0
30,0
0,0
29,10
72,0
24,0
28,0
27,0
63,14
0,0
20,3
25,0
0,3
0,7
22,0
29,25
19,1
76,0
30,0
48,15
55,5
65,2
63,1
0,0
41,4
52,0
65,0
62,0
23,0
68,9
60,0
35,1
0,0
36,14
21,10
60,7
56,1
0,0
37,0
43,2
63,12
27,0
0,6
32,0
48,3
0,0
25,0
20,0
37,0
27,8
0,7
0,2
48,9
28,1
31,7
34,7
23,0
0,1
31,1
28,5
0,3
0,1
0,7
25,0
0,0
0,2
20,2
22,5
41,5
26,0
20,0
61,0
53,0
29,0
34,0
32,1
28,0
25,5
37,0
20,0
0,0
48,50
44,1
54,2
28,0
40,0
52,5
21,20
0,15
0,10
50,10
61,0
28,0
53,0
37,83
51,0
32,0
61,10
0,0
32,3
49,1
28,4
21,2
32,10
55,7
39,1
40,0
0,5
32,0
39,3
0,3
0,10
0,10
23,0
0,0
27,0
50,1
54,2
24,24
29,5
0,3
47,7
47,3
23,0
19,5
0,1
0,0
0,14
38,4
29,0
36,0
0,5
20,0
0,6
0,1
0,0
30,25
57,2
26,2
20,4
30,0
45,0
20,0
19,0
0,6
46,3
48,0
34,5
40,0
45,2
0,0
32,35
49,0
34,0
53,1
0,0
44,8
22,2
37,0
29,1
42,3
45,0
22,3
34,0
34,1
43,5
24,10
0,0
44,10
67,0
0,5
60,0
32,0
36,0
38,20
25,0
50,0
0,0
24,0
24,0
0,0
21,0
22,0
25,4
0,2
38,8
92,7
52,2
0,0
27,0
46,0
0,1
23,1
31,1
63,6
59,6
74,10
0,1
48,1
33,3
27,2
19,0
0,0
0,0
35,1
0,2
0,1
0,0
73,0
22,4
61,0
0,0
0,0
59,3
31,0
39,12
0,1
62,1
19,12
36,17
60,2
0,1
0,0
20,0
0,0
23,0
38,10
0,2
64,5
34,1
0,1
26,0
44,0
0,60
26,0
0,2
0,0
53,0
36,5
33,0
23,1
41,20
31,0
0,0
60,2
38,3
46,7
20,0
33,11
50,5
21,0
25,0
32,20
0,8
0,1
0,0
19,12
0,10
20,0
30,7
55,5
45,3
0,4
45,0
21,0
47,2
21,1
35,0
34,0
0,0
32,0
0,1
0,3
51,0
48,30
70,0
29,15
0,2
38,0
49,0
20,0
58,20
23,0
57,4
0,3
0,4
40,0
22,4
29,7
21,40
19,1
19,0
30,0
65,5
24,3
57,2
68,0
48,7
35,1
67,2
27,1
23,10
0,0
0,0
47,4
0,0
24,1
46,2
45,0
76,5
41,24
65,20
0,3
55,2
51,2
46,10
50,0
41,3
46,15
30,2
48,0
19,0
0,4
22,2
63,40
57,7
46,2
38,12
50,21
85,10
59,20
35,10
32,2
0,1
43,1
0,7
43,2
66,16
35,2
0,4
20,12
0,0
40,1
0,0
27,5
62,0
0,0
65,0
44,3
0,5
46,0
56,1
34,7
0,0
48,0
59,10
21,0
0,1
58,0
57,70
36,10
62,1
51,5
21,1
0,3
19,4
42,0
39,0
0,0
42,1
0,0
35,4
32,2
29,4
21,5
31,2
68,5
32,4
40,7
30,0
39,0
23,14
19,0
0,6
0,0
0,3
41,15
68,0
22,4
55,0
61,0
48,1
46,4
20,2
33,0
49,3
50,0
45,3
56,7
46,10
22,0
25,20
30,0
49,0
20,10
20,4
21,0
57,7
55,0
27,3
27,1
0,1
42,3
55,11
45,1
54,2
24,2
34,30
25,5
0,24
56,1
27,7
26,1
27,10
43,0
0,4
47,30
30,1
37,1
50,10
0,1
61,1
0,2
46,0
43,0
65,3
44,3
22,10
26,10
46,1
37,2
23,0
40,25
36,0
48,2
24,3
53,3
44,10
50,4
35,3
0,5
46,3
65,1
23,0
45,1
0,3
21,2
0,0
30,10
0,0
59,0
0,1
59,1
0,2
44,0
47,0
29,3
0,7
38,0
24,2
63,0
26,3
27,5
71,12
57,15
49,1
44,1
43,20
37,2
31,5
27,0
35,1
29,7
29,0
22,20
47,3
0,2
23,0
34,1
52,10
45,1
20,31
47,2
45,20
49,0
0,6
41,0
0,2
0,1
47,1
54,0
43,1
24,7
59,3
55,0
21,5
35,0
61,10
37,3
61,0
21,10
19,5
34,1
43,3
37,0
0,0
71,15
35,50
20,0
27,0
34,3
23,0
56,0
25,3
0,0
0,0
55,0
37,14
23,1
41,0
42,0
37,5
26,1
0,0
22,1
53,1
22,1
46,18
22,10
19,2
19,9
22,7
54,5
26,7
0,30
34,0
43,0
26,8
30,1
24,1
25,0
23,10
56,0
41,5
0,7
28,0
56,2
0,0
39,0
20,2
59,0
32,0
30,35
24,0
0,3
0,0
56,3
24,5
36,9
30,0
22,1
28,15
24,1
30,7
21,30
52,1
21,0
29,0
28,0
31,0
0,3
35,0
32,10
25,0
0,3
22,4
25,14
50,0
40,4
56,0
36,0
36,0
34,2
50,0
34,0
34,15
32,0
0,0
19,1
0,42
31,0
0,0
27,1
20,0
0,0
20,1
37,4
25,0
73,1
37,0
0,0
22,0
25,20
64,4
23,0
55,0
56,0
47,1
47,4
41,10
22,3
36,1
56,8
29,0
23,0
21,1
36,0
20,0
24,0
25,24
37,0
46,2
38,12
59,0
46,1
0,8
24,0
0,1
37,6
61,1
46,5
25,1
20,1
24,15
65,0
54,14
26,25
26,2
47,0
28,0
19,40
31,1
30,7
20,0
57,30
22,10
41,1
23,5
40,3
67,20
19,0
58,0
0,0
23,6
32,5
26,1
20,21
62,10
21,1
21,0
34,0
38,5
40,0
24,0
60,0
20,4
0,5
0,1
33,2
48,14
27,3
87,0
24,2
0,12
60,7
29,7
21,0
26,2
26,24
47,14
34,0
21,3
0,5
28,1
31,2
47,0
34,0
23,54
30,5
0,0
0,2
21,8
33,5
53,7
40,18
43,1
64,4
21,0
45,4
26,1
44,2
41,0
0,0
57,0
21,10
66,0
23,1
0,6
32,2
35,5
28,3
67,0
0,10
43,0
29,48
35,1
35,0
60,0
25,0
35,2
27,1
22,1
32,0
0,0
53,3
52,10
0,0
0,1
44,1
20,3
32,2
26,3
48,3
69,5
64,10
39,10
25,24
23,90
51,20
61,0
22,1
0,7
54,0
29,14
30,1
38,15
45,12
49,3
0,2
19,5
38,40
45,10
69,5
34,2
47,6
0,0
0,35
41,0
28,0
51,0
30,0
22,0
21,12
40,14
24,3
56,2
25,2
50,5
55,28
33,0
23,1
51,2
62,15
34,1
21,0
33,0
0,0
45,5
53,0
52,4
40,0
67,1
20,5
50,7
49,0
41,7
65,25
45,5
21,10
20,0
19,0
48,0
25,0
0,2
0,1
24,14
27,1
64,14
49,0
45,6
35,10
50,0
55,0
26,2
0,0
62,0
77,20
49,0
21,1
0,3
48,4
45,15
61,0
30,0
57,0
59,2
66,4
41,8
63,0
25,3
0,2
22,2
57,26
36,3
31,5
46,1
64,1
41,0
37,0
21,3
56,7
63,6
65,1
0,0
41,1
55,0
38,5
32,0
36,0
63,12
0,1
58,3
44,40
70,55
26,10
42,14
42,0
78,2
19,3
0,2
39,3
21,0
40,18
42,0
35,9
25,3
25,2
32,1
0,21
45,7
21,0
20,0
61,15
44,4
50,10
24,3
35,8
45,0
25,3
66,15
36,10
25,4
22,0
23,2
30,0
56,3
53,0
55,0
0,1
30,0
40,6
26,0
44,0
26,0
41,10
30,6
22,2
21,1
21,30
29,0
53,0
47,3
35,1
0,1
0,0
20,0
63,2
43,10
55,48
66,15
0,3
50,0
0,14
31,5
52,1
0,12
49,0
35,2
0,3
62,7
23,2
0,3
0,0
27,14
43,20
70,0
30,0
28,4
22,0
29,0
0,0
20,0
26,5
24,0
46,4
21,3
37,18
0,0
50,0
42,35
0,4
27,35
56,2
0,4
66,20
75,6
52,15
56,14
54,2
24,20
38,0
37,5
0,0
20,1
33,0
51,10
0,0
46,0
64,10
50,0
33,2
34,30
39,1
61,4
0,5
0,0
43,0
42,2
32,3
28,0
57,10
0,0
23,4
39,0
30,5
0,12
19,0
63,1
0,0
42,0
25,0
38,0
34,0
41,5
0,4
67,1
38,1
47,0
35,17
26,7
34,0
32,3
26,3
43,2
30,1
51,0
20,25
31,3
39,0
60,1
56,0
25,25
46,0
30,20
57,0
21,1
49,10
20,0
42,1
0,3
44,0
64,0
32,0
45,10
22,0
58,0
50,0
0,0
28,0
34,3
21,0
25,1
60,0
53,10
29,30
45,20
40,3
23,20
32,7
59,23
0,10
0,0
22,2
43,0
19,3
0,0
0,0
22,0
37,2
46,1
40,0
26,2
26,0
37,0
26,4
24,2
28,0
31,1
70,2
47,7
0,0
27,0
47,5
54,2
29,0
25,10
66,6
35,2
29,1
35,2
41,6
73,2
26,0
0,1
32,50
54,0
0,1
62,6
21,0
0,0
41,0
57,4
47,10
33,1
23,10
31,5
61,1
21,0
0,0
24,0
33,0
55,7
51,2
24,0
19,0
25,1
0,2
26,20
39,0
61,70
35,10
63,2
39,8
33,5
20,2
41,0
53,10
25,30
47,0
39,21
43,1
47,0
38,2
55,5
32,2
37,0
68,1
0,2
0,0
21,7
0,1
20,0
58,0
0,0
0,0
19,0
19,0
34,0
31,5
44,1
57,0
25,4
31,6
0,1
24,0
34,5
0,8
65,8
33,2
20,2
35,2
0,0
39,4
44,12
19,4
33,2
48,10
38,3
38,0
0,0
43,0
35,3
24,0
52,10
25,24
59,15
25,6
34,30
34,0
72,1
30,4
45,0
20,0
59,0
25,8
21,0
24,3
0,0
43,50
29,2
70,0
21,2
25,0
43,2
39,4
19,0
48,0
39,2
49,0
29,1
28,0
0,1
0,0
59,1
56,0
28,1
21,0
51,30
35,4
32,12
0,15
40,4
24,3
20,6
55,0
40,1
67,8
37,0
39,20
30,0
55,5
45,0
31,1
19,0
0,0
34,1
21,1
20,0
0,0
76,0
36,2
29,12
39,36
21,0
25,0
20,3
23,3
36,6
69,40
0,2
30,8
52,0
47,4
26,15
24,10
32,10
40,0
30,0
23,2
27,4
29,20
23,0
26,0
64,1
33,2
37,0
23,20
30,0
38,6
0,0
23,25
19,3
66,3
33,28
45,10
0,0
40,0
31,0
25,0
33,6
32,0
26,0
31,0
38,0
25,1
26,2
31,24
21,1
52,15
24,3
22,0
0,0
0,14
59,2
26,3
0,1
22,1
30,10
24,5
20,0
24,18
20,2
27,0
20,6
35,4
20,45
26,4
52,0
23,2
73,0
50,0
42,4
21,5
63,2
41,1
28,1
22,0
48,2
24,0
60,3
23,2
22,6
0,1
0,3
40,7
23,1
50,2
61,6
42,2
29,2
0,3
40,6
56,0
20,9
29,0
0,2
31,10
59,1
30,0
40,1
33,0
31,0
0,6
0,4
0,1
0,0
40,20
28,0
27,0
28,14
21,1
21,2
70,0
0,0
0,90
39,3
38,1
30,20
43,12
53,0
28,1
0,2
21,0
19,7
0,0
29,0
19,8
30,0
51,20
0,0
50,0
19,0
48,0
0,2
66,0
48,12
24,5
33,1
21,0
63,0
21,48
30,0
27,20
23,15
42,0
31,2
76,1
19,0
50,16
37,0
53,15
0,0
0,24
25,5
26,0
34,3
38,0
56,20
0,16
0,20
19,50
20,10
0,1
27,0
53,1
53,2
0,7
0,0
37,1
59,10
27,5
50,20
0,3
33,1
35,0
38,8
40,21
0,1
0,0
0,6
34,0
31,3
20,30
30,29
32,2
33,14
23,1
62,12
30,1
52,0
31,0
50,2
0,0
33,0
34,20
0,0
22,0
0,0
19,0
46,7
61,2
19,0
31,1
33,3
51,2
47,8
0,4
26,1
0,80
38,30
64,10
40,0
0,7
19,0
56,5
53,10
0,0
0,0
36,3
0,72
32,30
0,0
48,5
37,0
34,0
75,14
21,1
0,22
33,0
58,0
0,0
21,0
57,8
23,30
29,0
24,2
37,3
49,1
0,17
27,7
0,1
43,7
61,20
67,0
32,0
64,0
26,0
35,5
21,2
20,4
34,8
31,0
0,4
43,2
0,0
22,0
44,10
0,3
47,0
0,3
22,0
25,10
43,0
43,5
28,2
21,12
27,0
33,0
21,20
24,2
23,0
34,0
19,5
40,0
40,20
36,0
37,6
0,18
26,2
35,0
23,5
37,10
23,10
58,1
0,0
35,16
0,10
63,0
23,5
0,3
25,1
60,7
0,5
65,0
64,0
38,5
26,8
42,10
49,1
26,0
30,14
0,0
27,2
41,20
55,45
0,5
0,0
38,20
20,0
25,0
44,12
23,0
50,14
72,20
0,4
46,4
36,0
26,0
29,5
22,0
50,1
41,12
65,5
0,0
55,10
0,0
0,0
45,1
23,0
23,5
46,0
66,4
53,0
47,7
0,3
30,0
57,3
33,12
26,0
0,0
20,20
63,20
53,4
47,15
24,5
45,0
0,14
70,0
34,2
27,1
56,15
38,0
22,15
32,0
51,2
31,0
42,0
25,0
27,2
40,2
82,1
64,2
0,0
25,1
24,8
48,7
25,8
46,4
22,1
0,3
0,6
25,8
29,4
100,0
23,18
44,0
22,0
40,0
52,2
45,2
47,10
20,0
19,7
23,2
21,1
0,0
20,0
43,6
22,0
62,3
34,1
25,2
32,36
39,0
0,1
30,0
35,3
0,0
29,10
0,2
20,9
23,0
40,3
87,0
27,13
0,1
54,2
35,0
44,0
47,1
33,0
24,0
30,6
40,12
26,8
23,12
56,0
23,2
25,2
19,5
32,2
44,5
28,2
52,20
23,6
69,4
0,0
19,21
26,1
57,2
21,16
22,0
0,0
0,2
37,4
20,7
43,1
23,4
0,0
45,2
0,6
0,15
22,5
74,0
37,1
26,2
0,0
35,1
44,0
0,6
0,0
61,0
21,3
27,0
0,0
38,1
41,0
42,0
22,0
35,2
32,2
41,6
19,1
0,5
40,14
30,0
30,27
44,4
40,35
49,6
56,0
71,15
24,4
46,5
43,0
56,20
49,0
42,5
39,0
0,1
20,1
21,5
0,0
27,20
0,1
34,0
46,0
31,10
65,18
57,1
0,14
30,2
43,0
42,4
24,5
45,1
23,20
31,2
31,15
0,0
39,5
26,10
25,10
25,8
25,4
36,50
28,2
56,7
41,4
78,8
39,0
33,0
35,3
39,0
43,1
22,1
38,0
24,4
36,5
21,0
39,0
0,8
0,3
0,0
0,0
32,3
34,2
44,6
43,0
28,0
19,3
50,20
23,0
0,1
0,0
74,0
0,2
41,35
46,0
26,8
50,14
33,4
34,7
21,10
38,20
37,3
29,20
56,0
0,2
28,0
19,12
33,0
30,0
63,0
0,9
0,2
0,0
36,12
0,8
20,3
21,2
19,1
36,0
24,0
0,4
57,8
46,15
38,0
46,0
23,1
32,10
33,10
21,1
20,7
24,50
0,5
53,0
68,10
64,0
23,1
31,5
0,0
19,0
25,0
19,0
43,0
37,0
52,10
0,0
0,0
30,2
22,1
37,0
34,2
33,4
0,2
27,0
0,6
23,0
27,30
0,7
30,3
0,2
0,12
38,0
25,1
55,7
0,4
31,15
27,20
53,20
49,10
53,3
53,4
45,2
57,2
39,6
33,2
32,0
33,3
0,0
27,4
0,2
48,15
78,2
21,4
36,7
26,2
30,3
0,0
0,0
52,2
61,10
23,10
25,1
34,1
23,1
44,0
32,1
48,20
36,10
0,15
43,0
24,15
39,0
0,1
65,0
33,1
30,0
46,15
56,0
59,5
59,14
36,14
21,0
44,7
25,0
0,12
38,2
48,3
56,2
19,2
0,0
42,30
31,1
45,3
26,7
63,1
0,1
34,0
0,0
0,9
23,10
21,5
0,1
34,0
19,6
43,4
22,7
50,1
0,3
63,7
22,1
52,7
70,15
37,0
26,15
22,0
22,20
0,0
21,3
69,40
33,0
22,3
29,10
50,30
0,1
34,2
47,0
23,30
20,6
33,0
0,1
19,2
33,5
25,4
29,5
31,5
43,0
27,13
30,0
36,0
40,5
37,30
38,1
21,0
23,5
25,0
0,1
32,56
22,0
0,0
0,0
21,24
0,10
21,0
24,3
21,20
31,0
29,1
42,3
0,35
80,0
26,10
32,0
19,2
34,0
57,4
40,9
41,0
35,30
25,0
32,0
0,2
50,1
22,0
29,20
25,1
59,0
29,1
30,0
45,0
55,21
0,0
0,0
53,3
0,0
0,0
47,10
30,3
54,0
29,0
47,2
30,12
46,0
66,1
28,0
52,1
0,8
38,0
38,0
34,0
0,0
30,10
25,3
62,2
21,0
25,1
0,2
45,3
29,2
31,0
22,24
40,2
57,1
41,10
48,8
33,5
29,2
23,0
26,5
67,40
72,20
26,1
0,0
67,10
30,3
25,0
46,2
54,0
20,4
32,2
60,1
49,15
52,20
33,0
26,1
52,15
53,1
61,5
40,0
0,80
44,0
0,9
20,0
21,10
0,50
27,20
65,0
27,7
42,20
28,6
37,5
31,0
23,0
65,0
68,0
0,2
35,3
56,2
40,0
40,3
56,20
24,7
37,10
33,0
0,5
33,6
49,4
0,0
57,3
56,0
65,5
0,30
31,0
71,25
50,4
28,0
0,0
23,10
23,0
0,0
25,0
0,30
0,3
0,1
35,0
61,0
0,3
19,2
19,3
0,1
25,3
28,1
51,5
45,3
42,30
51,0
26,4
0,40
48,4
36,1
32,1
0,2
22,2
0,1
22,0
0,2
27,2
40,5
19,10
44,5
28,3
20,10
50,20
24,1
0,1
24,10
30,3
65,0
49,0
32,28
27,1
24,7
0,0
57,6
0,5
46,3
37,0
30,20
24,50
45,0
39,10
23,2
33,8
74,10
28,14
78,1
50,0
60,4
30,2
35,2
32,0
23,5
63,20
32,10
0,0
38,5
19,1
23,1
62,7
0,2
20,5
39,0
19,8
28,0
40,0
47,2
19,1
0,15
57,10
0,1
58,35
20,0
21,14
34,3
58,4
33,10
46,2
30,14
64,15
0,4
47,10
35,3
20,0
25,2
34,3
48,0
26,4
23,0
0,1
31,0
0,5
38,0
47,0
22,3
26,0
45,15
24,5
79,10
31,3
42,1
30,10
56,12
20,0
35,5
33,7
24,0
25,0
34,2
27,5
0,0
0,0
50,5
27,0
0,4
23,0
32,2
0,6
58,30
52,4
42,2
0,0
19,5
32,0
31,0
21,1
24,7
0,0
24,2
0,4
65,18
69,0
23,0
31,4
36,1
29,4
32,2
71,9
42,14
23,0
19,4
46,0
63,2
24,1
36,1
21,0
66,20
23,1
49,0
46,4
22,1
55,7
66,20
51,3
25,0
30,7
21,0
25,10
64,4
33,15
44,1
30,30
31,3
42,3
32,15
59,0
0,0
35,0
0,5
0,0
56,1
29,2
27,7
22,0
37,20
27,1
31,1
85,10
0,0
0,0
20,0
39,20
23,10
46,18
20,0
0,12
0,0
23,24
41,0
47,2
25,10
61,0
60,5
36,5
19,7
22,3
61,1
0,5
44,0
64,0
0,1
44,0
32,15
49,0
0,15
0,4
47,7
37,0
29,0
0,0
20,0
0,2
42,0
20,5
73,15
43,1
31,2
21,3
32,1
37,15
51,0
19,0
65,50
23,5
25,0
38,0
21,2
37,1
29,4
0,2
36,0
0,14
21,15
81,10
25,2
31,0
0,2
26,0
42,5
22,1
20,1
30,20
41,0
82,20
60,30
20,1
66,3
47,7
59,0
26,12
24,15
23,5
76,0
53,2
25,14
0,21
0,1
47,10
0,1
29,10
30,3
0,2
26,5
34,0
44,1
25,7
34,2
72,0
47,0
25,0
27,0
23,3
31,0
47,5
40,0
33,6
43,1
0,1
37,2
58,28
34,1
23,30
47,0
25,0
19,5
70,0
0,2
21,6
39,1
21,0
27,0
64,20
40,0
0,5
0,2
55,2
63,10
52,6
60,7
27,10
26,0
70,20
24,24
27,5
36,1
23,5
26,3
55,28
0,20
23,7
30,2
32,5
22,7
30,6
63,20
47,12
0,0
31,0
67,35
19,2
48,2
22,3
27,3
43,2
33,35
21,1
64,2
71,7
0,2
19,5
58,3
29,0
53,3
29,4
33,1
69,35
27,18
33,3
44,15
0,10
22,0
23,0
52,24
46,0
26,0
23,1
40,20
45,15
49,14
64,0
52,10
57,40
60,10
28,2
34,7
52,7
0,0
35,1
70,0
47,0
57,1
27,0
32,50
35,4
30,0
72,8
24,0
26,2
26,0
38,2
29,2
42,10
37,15
46,0
23,0
0,4
46,2
28,0
41,0
39,0
42,1
37,40
37,6
41,5
19,0
23,0
23,1
24,15
24,2
26,4
61,2
50,14
30,0
26,3
23,8
63,1
55,7
64,40
20,8
29,3
28,0
20,5
0,0
29,0
64,7
43,15
23,0
83,5
22,24
24,7
28,1
24,30
64,10
0,0
22,0
29,5
25,0
28,4
41,40
19,0
0,1
54,4
29,10
21,0
0,7
66,8
26,0
42,3
59,12
25,0
41,0
47,0
44,25
31,15
50,0
64,23
19,4
45,4
66,0
56,28
24,4
27,2
64,0
27,3
20,10
27,6
76,20
63,7
0,30
0,24
21,15
43,6
59,0
29,5
56,0
42,30
21,0
21,2
70,30
47,4
23,15
25,0
24,5
49,10
28,1
21,1
65,0
21,35
20,20
21,3
30,30
64,2
26,8
22,20
40,2
53,0
39,0
35,10
23,0
23,0
44,15
58,10
39,2
33,3
35,20
60,5
32,3
33,0
23,5
56,0
58,10
68,20
59,5
19,3
34,2
55,10
45,35
0,0
32,15
0,1
34,1
42,28
50,15
40,2
36,1
44,45
41,1
28,2
47,2
51,4
21,8
53,0
42,14
0,5
50,0
74,0
24,3
0,0
29,0
44,3
19,2
40,3
45,0
26,1
20,0
35,4
48,0
35,30
55,14
19,0
25,0
19,4
20,0
26,1
75,20
0,5
49,5
0,0
38,20
28,7
29,3
45,3
19,10
53,3
66,7
55,0
0,2
58,14
55,10
50,2
50,1
24,0
33,0
42,0
25,0
20,0
52,1
68,0
37,0
41,10
45,15
27,0
0,7
30,0
22,14
24,1
32,45
35,7
68,3
30,20
0,0
42,0
24,1
36,3
48,1
19,4
24,0
25,15
33,1
28,18
21,5
19,5
31,1
0,0
50,5
26,4
56,40
34,20
63,0
67,1
63,55
42,12
78,10
40,4
25,20
60,10
24,10
42,0
0,0
20,20
34,30
23,1
0,0
22,70
21,20
37,0
0,10
41,1
25,14
47,3
48,0
24,3
65,10
29,7
57,0
55,7
44,3
48,10
61,0
53,0
50,7
54,4
23,0
79,20
30,0
22,35
49,5
23,2
29,1
22,9
26,10
23,2
0,1
51,3
40,20
60,0
28,1
27,2
31,40
20,0
49,5
47,3
46,15
24,5
39,15
35,2
0,0
40,20
49,0
23,0
25,10
25,3
34,5
34,10
55,11
31,6
69,8
24,10
46,5
23,10
27,1
38,41
29,1
27,3
26,0
60,60
35,15
20,15
62,6
31,0
28,3
19,0
0,2
0,0
32,0
68,25
34,7
29,28
30,5
29,3
31,1
38,1
52,28
44,8
0,12
31,4
31,8
32,1
0,7
25,4
0,0
60,50
34,4
29,1
26,0
56,1
31,5
46,6
29,1
33,1
49,10
25,10
51,2
50,10
28,1
21,15
0,8
49,5
54,1
33,0
51,10
57,15
40,1
48,3
0,0
65,0
50,16
23,10
21,2
30,10
71,1
25,2
20,10
0,0
0,28
29,6
19,5
19,0
20,1
58,1
29,30
21,2
33,2
35,0
34,1
21,10
0,0
0,10
41,8
26,4
69,40
23,1
30,0
31,20
44,15
27,15
21,1
19,0
49,0
23,1
47,0
48,14
30,8
42,5
44,2
27,10
0,0
32,28
24,0
0,3
33,5
25,0
47,10
19,5
68,3
30,0
50,5
71,3
28,25
30,2
20,1
40,0
65,8
50,25
26,1
35,5
23,2
26,0
70,5
20,3
19,1
46,1
26,0
33,2
31,1
29,1
19,1
20,0
60,0
60,30
38,0
61,20
57,20
68,0
0,20
30,5
55,5
21,2
24,1
70,4
31,0
26,10
20,40
0,0
43,1
47,0
25,8
39,2
26,3
33,0
59,2
60,15
0,12
0,1
26,10
40,7
55,20
0,5
49,0
43,5
55,0
48,3
48,12
58,30
37,2
30,2
21,24
26,5
34,6
53,5
20,0
41,1
65,0
0,6
40,20
54,21
30,25
37,10
22,0
58,1
0,0
54,3
26,1
19,20
25,0
45,0
26,5
52,40
44,28
0,2
22,8
30,0
30,6
55,30
31,40
0,10
31,1
0,15
21,3
24,0
51,10
22,3
37,0
28,45
22,2
55,2
29,4
23,4
20,0
46,0
22,2
39,2
38,2
55,10
38,0
46,40
57,15
53,3
33,0
47,1
0,0
25,0
50,3
43,1
70,6
66,2
76,20
34,36
33,4
45,0
0,5
57,10
26,0
20,3
0,0
0,0
0,15
0,0
42,0
29,5
27,1
34,3
37,2
0,0
0,0
21,1
59,0
25,0
0,0
63,30
38,0
39,0
21,8
58,4
48,4
35,3
0,0
58,1
49,5
62,30
26,3
32,7
43,0
38,7
56,14
48,10
28,5
32,7
0,1
24,3
29,30
25,1
31,30
45,0
30,2
42,1
29,2
25,4
0,18
27,8
34,30
51,15
22,38
25,2
31,3
50,20
0,1
58,8
31,0
26,1
46,3
29,0
46,2
55,1
65,8
56,2
21,4
22,30
23,0
50,6
20,4
44,15
63,2
54,1
23,1
0,6
36,10
0,0
27,2
0,0
60,10
50,7
39,20
45,7
27,2
32,20
45,24
31,8
41,7
32,7
22,30
19,0
46,2
21,0
48,7
24,7
66,20
49,7
38,7
50,0
28,5
50,8
51,3
32,2
24,0
34,7
27,0
40,28
23,7
40,3
23,50
41,30
25,2
22,1
0,0
52,35
69,0
58,4
24,0
0,1
60,7
21,50
35,20
55,5
0,0
60,2
37,0
68,35
21,2
24,3
27,0
0,16
44,20
0,22
26,10
0,6
27,3
23,0
0,5
46,3
30,15
0,6
50,5
23,20
30,3
55,5
0,23
57,15
0,6
69,5
40,0
25,12
39,10
23,0
0,70
52,0
29,7
0,0
22,0
43,40
35,11
53,0
21,36
56,2
22,2
22,7
38,2
70,4
36,0
26,2
66,3
64,1
21,1
26,10
20,0
19,2
45,0
58,2
0,0
21,2
62,1
25,7
0,0
36,2
23,36
23,2
30,20
26,10
64,0
60,0
26,0
56,3
28,10
30,2
32,2
24,0
0,1
25,35
21,6
62,3
19,1
20,0
0,2
0,0
38,6
60,0
42,2
22,10
0,2
48,0
26,1
0,7
60,0
34,3
36,10
19,1
0,2
19,0
19,1
50,0
41,4
55,15
43,1
49,5
35,10
28,14
41,1
31,0
26,0
0,35
53,0
56,50
36,5
62,0
0,4
43,0
39,2
47,0
31,0
63,4
53,0
47,10
36,35
22,1
23,0
22,1
0,0
36,7
28,21
28,15
48,12
0,6
25,20
21,42
56,0
32,0
29,3
25,14
71,2
24,0
39,3
52,4
50,2
0,0
31,1
0,0
0,2
49,20
21,5
32,15
23,0
27,4
31,3
21,8
57,10
68,0
21,1
28,8
41,40
21,15
41,0
0,3
52,0
29,3
19,10
26,28
26,0
0,2
42,1
0,0
0,17
33,0
48,0
0,4
38,16
0,1
0,80
30,20
30,3
0,1
57,3
38,10
20,3
58,0
57,1
29,1
19,0
25,0
0,8
22,3
0,6
25,0
20,30
23,1
33,15
28,5
59,8
24,0
27,10
0,0
46,1
25,1
54,10
19,6
64,1
24,2
23,4
29,3
28,0
40,0
30,5
0,2
38,1
20,0
0,35
21,0
30,0
44,7
22,1
47,6
38,7
0,0
21,2
29,5
35,40
0,7
24,1
22,20
34,2
25,0
54,2
35,0
19,45
23,15
0,3
31,3
32,6
27,0
44,4
31,3
58,6
28,7
56,30
19,6
66,1
28,7
35,0
23,25
0,6
49,0
44,10
50,15
19,7
33,0
22,3
26,3
46,0
0,0
51,18
48,10
54,5
26,8
29,3
58,20
31,3
20,0
40,10
33,30
60,5
19,10
25,21
21,5
33,0
25,0
38,5
0,0
34,7
43,5
25,0
26,0
29,0
0,0
70,10
43,5
19,6
47,36
26,4
46,3
21,5
38,4
42,27
31,0
34,2
56,70
54,2
40,1
24,0
36,0
55,2
25,2
23,5
32,30
50,21
47,15
23,0
54,0
32,2
32,0
26,0
63,10
47,6
0,0
34,2
23,10
0,1
52,15
60,0
20,1
45,0
0,5
0,2
25,20
21,0
54,28
57,15
0,1
20,10
50,40
37,8
30,1
45,0
30,5
25,1
0,2
66,0
22,5
19,4
27,5
43,5
28,1
0,1
21,30
0,8
19,0
0,1
42,15
42,50
19,0
29,1
35,4
21,12
25,2
24,2
24,6
35,3
28,0
57,0
21,8
56,2
56,15
43,10
0,0
0,2
21,48
46,0
60,0
36,30
19,30
34,20
23,48
29,0
0,1
0,10
0,3
19,0
0,3
0,3
19,10
49,0
22,1
28,3
24,1
0,3
0,2
22,0
25,15
52,5
39,0
49,20
35,12
0,17
25,14
31,0
25,0
44,42
36,10
0,0
33,1
28,50
46,0
0,6
26,1
35,10
22,0
25,3
31,0
0,0
41,14
55,24
41,5
57,0
21,21
36,1
32,12
24,12
0,24
57,0
22,10
45,7
45,10
31,3
56,5
36,0
34,0
0,0
19,0
24,0
22,10
80,40
58,40
43,3
34,5
22,1
22,14
32,5
51,1
40,24
0,2
21,0
24,2
0,0
63,8
36,5
68,4
30,4
0,0
0,0
47,1
69,35
19,1
57,5
0,0
64,3
63,40
0,9
36,20
40,10
0,14
20,7
44,3
32,1
20,0
36,10
29,5
52,8
28,0
0,21
27,10
19,10
30,14
0,6
70,0
36,6
19,10
32,14
49,3
45,24
37,10
28,0
37,0
35,12
27,4
31,10
41,2
48,7
23,3
24,0
0,7
24,10
33,12
55,28
50,0
20,0
33,60
21,3
54,2
20,25
28,20
27,0
43,35
31,0
24,24
62,2
19,15
47,0
53,70
24,10
22,4
50,10
29,1
0,8
53,7
25,3
30,7
26,1
28,5
25,0
51,42
49,20
42,30
47,0
36,21
41,5
0,0
29,2
24,3
24,0
0,20
23,50
32,3
42,30
0,3
28,0
65,15
0,0
43,3
59,20
73,15
19,1
21,1
67,0
39,9
28,0
22,0
33,5
0,3
0,30
0,10
22,2
56,14
28,2
45,16
50,30
0,2
56,7
50,5
29,0
44,10
26,3
38,14
24,10
0,2
70,20
21,2
0,1
67,0
33,4
23,3
37,0
22,0
23,16
0,2
40,0
24,28
24,0
22,5
0,0
45,4
26,10
25,2
58,7
48,14
39,7
36,0
28,2
47,4
40,25
55,2
22,0
44,30
45,4
58,50
23,2
0,2
0,20
0,11
62,1
38,10
38,24
38,3
20,2
36,12
54,15
19,14
25,7
26,7
75,0
20,10
35,0
25,20
43,0
26,14
19,1
26,5
26,1
63,20
58,1
52,10
33,0
0,2
40,30
42,10
56,0
0,14
0,4
0,1
0,0
0,5
27,2
63,9
52,5
34,0
30,18
28,0
47,3
65,0
23,1
0,0
24,30
55,0
55,9
25,4
32,5
0,9
0,8
22,3
0,4
30,30
20,0
39,5
23,1
0,0
26,10
0,3
49,0
0,0
21,4
34,1
49,10
61,14
31,0
44,1
47,8
33,2
0,2
45,2
39,1
0,0
39,1
0,0
26,0
20,1
19,5
26,0
25,4
21,0
60,10
20,0
0,20
33,40
50,4
22,1
42,2
21,0
41,15
50,2
60,4
59,14
28,16
29,10
23,0
43,5
35,2
33,2
31,15
25,3
20,72
42,2
28,10
38,1
32,2
60,5
26,33
